{
    "avg": {
        "MPSNR": 16.029106782372715,
        "MSSIM": 0.14779153329447228,
        "SAM": 0.7468893510103226,
        "Time": 0.0
    },
    "detail": {
        "gavyam_0823-0933": {
            "MPSNR": 15.5153092916758,
            "MSSIM": 0.1669975001723246,
            "SAM": 0.6487472057342529,
            "Time": 0.0
        },
        "objects_0924-1557": {
            "MPSNR": 15.76849823323698,
            "MSSIM": 0.15257559067859602,
            "SAM": 0.6930467486381531,
            "Time": 0.0
        },
        "lehavim_0910-1600": {
            "MPSNR": 15.607504883340084,
            "MSSIM": 0.14235341484257535,
            "SAM": 0.6625080108642578,
            "Time": 0.0
        },
        "Lehavim_0910-1717": {
            "MPSNR": 16.604280970877348,
            "MSSIM": 0.16494147458833247,
            "SAM": 0.8672892451286316,
            "Time": 0.0
        },
        "gavyam_0823-0944": {
            "MPSNR": 15.53202216487344,
            "MSSIM": 0.16546192531129597,
            "SAM": 0.6490234732627869,
            "Time": 0.0
        },
        "nachal_0823-1222": {
            "MPSNR": 16.223219999640865,
            "MSSIM": 0.15316463159560129,
            "SAM": 0.7669551968574524,
            "Time": 0.0
        },
        "lehavim_0910-1610": {
            "MPSNR": 16.113849459542482,
            "MSSIM": 0.15976975533097554,
            "SAM": 0.7786617875099182,
            "Time": 0.0
        },
        "objects_0924-1623": {
            "MPSNR": 16.170010275610053,
            "MSSIM": 0.16320354166380063,
            "SAM": 0.7696336507797241,
            "Time": 0.0
        },
        "objects_0924-1650": {
            "MPSNR": 16.054996401110756,
            "MSSIM": 0.17426612003206632,
            "SAM": 0.7490594983100891,
            "Time": 0.0
        },
        "nachal_0823-1214": {
            "MPSNR": 15.48538348735782,
            "MSSIM": 0.15443416348947364,
            "SAM": 0.6386438608169556,
            "Time": 0.0
        },
        "Labtest_0910-1504": {
            "MPSNR": 16.97206767725002,
            "MSSIM": 0.09417578702249003,
            "SAM": 0.9380067586898804,
            "Time": 0.0
        },
        "objects_0924-1648": {
            "MPSNR": 16.014135389385647,
            "MSSIM": 0.1573199747343211,
            "SAM": 0.7326935529708862,
            "Time": 0.0
        },
        "rmt_0328-1249-1": {
            "MPSNR": 16.809905617794342,
            "MSSIM": 0.127569017013457,
            "SAM": 0.9016682505607605,
            "Time": 0.0
        },
        "Labtest_0910-1509": {
            "MPSNR": 16.84758106849539,
            "MSSIM": 0.13780823634274278,
            "SAM": 0.908557116985321,
            "Time": 0.0
        },
        "objects_0924-1611": {
            "MPSNR": 15.808032123622498,
            "MSSIM": 0.1509353601913464,
            "SAM": 0.7006217241287231,
            "Time": 0.0
        },
        "nachal_0823-1127": {
            "MPSNR": 15.655941084450765,
            "MSSIM": 0.14535605957489464,
            "SAM": 0.6681843996047974,
            "Time": 0.0
        },
        "IDS_COLORCHECK_1020-1215-1": {
            "MPSNR": 16.622113095923616,
            "MSSIM": 0.13849538754835858,
            "SAM": 0.8625950217247009,
            "Time": 0.0
        },
        "Labtest_0910-1513": {
            "MPSNR": 16.46444621377706,
            "MSSIM": 0.1946001088973607,
            "SAM": 0.8433207869529724,
            "Time": 0.0
        },
        "selfie_0822-0906": {
            "MPSNR": 15.083471853643115,
            "MSSIM": 0.13035430300157627,
            "SAM": 0.5129560232162476,
            "Time": 0.0
        },
        "nachal_0823-1118": {
            "MPSNR": 16.065271885143872,
            "MSSIM": 0.1663797303811739,
            "SAM": 0.7526612877845764,
            "Time": 0.0
        },
        "objects_0924-1617": {
            "MPSNR": 15.814205019796118,
            "MSSIM": 0.1532225020242483,
            "SAM": 0.7027342319488525,
            "Time": 0.0
        },
        "ulm_0328-1118": {
            "MPSNR": 15.886195551737963,
            "MSSIM": 0.15940239931956898,
            "SAM": 0.7081596255302429,
            "Time": 0.0
        },
        "Lehavim_0910-1716": {
            "MPSNR": 16.90566960497278,
            "MSSIM": 0.11600639596597148,
            "SAM": 0.9330657720565796,
            "Time": 0.0
        },
        "Lehavim_0910-1635": {
            "MPSNR": 15.521048942720414,
            "MSSIM": 0.18167670260919344,
            "SAM": 0.6550723910331726,
            "Time": 0.0
        },
        "objects_0924-1607": {
            "MPSNR": 15.856571550184626,
            "MSSIM": 0.15364595951545615,
            "SAM": 0.7109601497650146,
            "Time": 0.0
        },
        "objects_0924-1625": {
            "MPSNR": 15.803498569902033,
            "MSSIM": 0.15936989492907497,
            "SAM": 0.6947839856147766,
            "Time": 0.0
        },
        "nachal_0823-1144": {
            "MPSNR": 15.540703311147642,
            "MSSIM": 0.13873512123675436,
            "SAM": 0.6809841990470886,
            "Time": 0.0
        },
        "nachal_0823-1121": {
            "MPSNR": 15.71496854294206,
            "MSSIM": 0.1706225446251103,
            "SAM": 0.6904630661010742,
            "Time": 0.0
        },
        "gavyam_0823-0930": {
            "MPSNR": 16.463011198669818,
            "MSSIM": 0.14858250056617048,
            "SAM": 0.8437107801437378,
            "Time": 0.0
        },
        "objects_0924-1628": {
            "MPSNR": 16.227912701044133,
            "MSSIM": 0.1467841450000853,
            "SAM": 0.7881289124488831,
            "Time": 0.0
        },
        "rmt_0328-1241-1": {
            "MPSNR": 14.807166067299905,
            "MSSIM": 0.14621803909510028,
            "SAM": 0.45759114623069763,
            "Time": 0.0
        },
        "objects_0924-1641": {
            "MPSNR": 15.97215431650872,
            "MSSIM": 0.16040690210734762,
            "SAM": 0.7285490036010742,
            "Time": 0.0
        },
        "nachal_0823-1223": {
            "MPSNR": 15.690633950521242,
            "MSSIM": 0.16166419849245542,
            "SAM": 0.6852474808692932,
            "Time": 0.0
        },
        "objects_0924-1614": {
            "MPSNR": 15.82165830458501,
            "MSSIM": 0.1512126993339933,
            "SAM": 0.7042346000671387,
            "Time": 0.0
        },
        "nachal_0823-1047": {
            "MPSNR": 15.2547102825455,
            "MSSIM": 0.1871014357500301,
            "SAM": 0.5864982604980469,
            "Time": 0.0
        },
        "negev_0823-1003": {
            "MPSNR": 15.418257440026135,
            "MSSIM": 0.14134866793194292,
            "SAM": 0.6173027753829956,
            "Time": 0.0
        },
        "Lehavim_0910-1626": {
            "MPSNR": 16.021673122642785,
            "MSSIM": 0.14066553876438906,
            "SAM": 0.7620846629142761,
            "Time": 0.0
        },
        "nachal_0823-1149": {
            "MPSNR": 16.444053793205942,
            "MSSIM": 0.16929146743243667,
            "SAM": 0.831558346748352,
            "Time": 0.0
        },
        "objects_0924-1602": {
            "MPSNR": 15.91184328381349,
            "MSSIM": 0.15417378931074224,
            "SAM": 0.7182304263114929,
            "Time": 0.0
        },
        "nachal_0823-1217": {
            "MPSNR": 15.944325758232718,
            "MSSIM": 0.1613199536337781,
            "SAM": 0.6938319206237793,
            "Time": 0.0
        },
        "CC_40D_2_1103-0917": {
            "MPSNR": 15.244408303387186,
            "MSSIM": 0.15484135296519957,
            "SAM": 0.5620282292366028,
            "Time": 0.0
        },
        "Master2900k": {
            "MPSNR": 17.022018633843043,
            "MSSIM": 0.07264497039822769,
            "SAM": 0.9935600757598877,