{
    "avg": {
        "MPSNR": 43.69871434025423,
        "MSSIM": 0.9927847899744147,
        "SAM": 0.04126095969010802,
        "Time": 0.5136078431372548
    },
    "detail": {
        "nachal_0823-1147": {
            "MPSNR": 42.097793399146596,
            "MSSIM": 0.9904394251603824,
            "SAM": 0.025848114863038063,
            "Time": 0.517
        },
        "objects_0924-1600": {
            "MPSNR": 42.958034304035365,
            "MSSIM": 0.9942535489261719,
            "SAM": 0.035825420171022415,
            "Time": 0.514
        },
        "objects_0924-1601": {
            "MPSNR": 43.42712079209849,
            "MSSIM": 0.9946852805181149,
            "SAM": 0.030050285160541534,
            "Time": 0.514
        },
        "Labtest_0910-1510": {
            "MPSNR": 46.194907547623444,
            "MSSIM": 0.9933179382711402,
            "SAM": 0.06548704952001572,
            "Time": 0.513
        },
        "Lehavim_0910-1725": {
            "MPSNR": 43.78632543722006,
            "MSSIM": 0.991558435674299,
            "SAM": 0.05747946351766586,
            "Time": 0.511
        },
        "lehavim_0910-1605": {
            "MPSNR": 41.875288122054144,
            "MSSIM": 0.9904175878508243,
            "SAM": 0.042867179960012436,
            "Time": 0.514
        },
        "objects_0924-1556": {
            "MPSNR": 47.63888367713857,
            "MSSIM": 0.9966661487778871,
            "SAM": 0.03770100697875023,
            "Time": 0.513
        },
        "gavyam_0823-0945": {
            "MPSNR": 42.30869567556069,
            "MSSIM": 0.9886647781087022,
            "SAM": 0.05598549172282219,
            "Time": 0.514
        },
        "objects_0924-1620": {
            "MPSNR": 44.095365817341595,
            "MSSIM": 0.9954055843374257,
            "SAM": 0.028469670563936234,
            "Time": 0.514
        },
        "objects_0924-1619": {
            "MPSNR": 43.2756816054093,
            "MSSIM": 0.9946148086865803,
            "SAM": 0.0330192930996418,
            "Time": 0.512
        },
        "IDS_COLORCHECK_1020-1223": {
            "MPSNR": 41.74070665279256,
            "MSSIM": 0.9917060291240836,
            "SAM": 0.022274335846304893,
            "Time": 0.512
        },
        "Labtest_0910-1502": {
            "MPSNR": 44.307429093502996,
            "MSSIM": 0.9927686272224714,
            "SAM": 0.07034759223461151,
            "Time": 0.512
        },
        "objects_0924-1634": {
            "MPSNR": 43.06094536600939,
            "MSSIM": 0.9932118255916232,
            "SAM": 0.022655019536614418,
            "Time": 0.513
        },
        "lehavim_0910-1607": {
            "MPSNR": 43.04596097304677,
            "MSSIM": 0.9872080536209391,
            "SAM": 0.0657290518283844,
            "Time": 0.512
        },
        "Lehavim_0910-1622": {
            "MPSNR": 44.66394742131541,
            "MSSIM": 0.9923315643982911,
            "SAM": 0.0582643523812294,
            "Time": 0.513
        },
        "tree_0822-0853": {
            "MPSNR": 44.08087308541962,
            "MSSIM": 0.9922748054161062,
            "SAM": 0.028682373464107513,
            "Time": 0.513
        },
        "objects_0924-1605": {
            "MPSNR": 44.43293073698045,
            "MSSIM": 0.9954391396408447,
            "SAM": 0.028603795915842056,
            "Time": 0.514
        },
        "gavyam_0823-0950-1": {
            "MPSNR": 42.740694815015765,
            "MSSIM": 0.9901059565520582,
            "SAM": 0.03640732541680336,
            "Time": 0.514
        },
        "objects_0924-1639": {
            "MPSNR": 44.02389148566448,
            "MSSIM": 0.9947208430460401,
            "SAM": 0.03845579922199249,
            "Time": 0.514
        },
        "objects_0924-1558": {
            "MPSNR": 44.20053967669126,
            "MSSIM": 0.9948108677880015,
            "SAM": 0.03493128716945648,
            "Time": 0.514
        },
        "objects_0924-1612": {
            "MPSNR": 43.97597070998383,
            "MSSIM": 0.9951893043804578,
            "SAM": 0.03187751770019531,
            "Time": 0.513
        },
        "objects_0924-1624": {
            "MPSNR": 43.36444751834378,
            "MSSIM": 0.9948809153470487,
            "SAM": 0.02965715155005455,
            "Time": 0.514
        },
        "Lehavim_0910-1633": {
            "MPSNR": 47.07140703008371,
            "MSSIM": 0.993584643206428,
            "SAM": 0.07895982265472412,
            "Time": 0.513
        },
        "bulb_0822-0903": {
            "MPSNR": 45.23939575530669,
            "MSSIM": 0.9932100046911602,
            "SAM": 0.045489124953746796,
            "Time": 0.513
        },
        "Lehavim_0910-1718": {
            "MPSNR": 47.30880082530904,
            "MSSIM": 0.9938772160485467,
            "SAM": 0.07274671643972397,
            "Time": 0.514
        },
        "objects_0924-1633": {
            "MPSNR": 42.22887872589827,
            "MSSIM": 0.9930339443566046,
            "SAM": 0.037078678607940674,
            "Time": 0.514
        },
        "nachal_0823-1210-4": {
            "MPSNR": 43.754066520159725,
            "MSSIM": 0.9939205462780798,
            "SAM": 0.030772820115089417,
            "Time": 0.514
        },
        "nachal_0823-1145": {
            "MPSNR": 42.899295082885324,
            "MSSIM": 0.9949014150690895,
            "SAM": 0.013583892956376076,
            "Time": 0.514
        },
        "nachal_0823-1220": {
            "MPSNR": 43.66339864750141,
            "MSSIM": 0.9914469544744701,
            "SAM": 0.04440764710307121,
            "Time": 0.514
        },
        "nachal_0823-1152": {
            "MPSNR": 42.147048929397954,
            "MSSIM": 0.988512934178187,
            "SAM": 0.03953573480248451,
            "Time": 0.514
        },
        "objects_0924-1610": {
            "MPSNR": 44.34489916073347,
            "MSSIM": 0.9951202491333084,
            "SAM": 0.04147391766309738,
            "Time": 0.514
        },
        "nachal_0823-1213": {
            "MPSNR": 44.65486909645516,
            "MSSIM": 0.9931659198733429,
            "SAM": 0.029735805466771126,
            "Time": 0.513
        },
        "objects_0924-1631": {
            "MPSNR": 42.17244426406088,
            "MSSIM": 0.9939187822286188,
            "SAM": 0.032914306968450546,
            "Time": 0.514
        },
        "negev_0823-1005": {
            "MPSNR": 42.07873007028717,
            "MSSIM": 0.9914637848786468,
            "SAM": 0.018933556973934174,
            "Time": 0.514
        },
        "Lehavim_0910-1640": {
            "MPSNR": 43.20711085377467,
            "MSSIM": 0.9907300622539807,
            "SAM": 0.04819849506020546,
            "Time": 0.515
        },
        "Labtest_0910-1506": {
            "MPSNR": 43.695346814476025,
            "MSSIM": 0.992000881783007,
            "SAM": 0.068743035197258,
            "Time": 0.514
        },
        "objects_0924-1652": {
            "MPSNR": 42.900157059891306,
            "MSSIM": 0.9908982973512604,
            "SAM": 0.04388566315174103,
            "Time": 0.514
        },
        "Lehavim_0910-1629": {
            "MPSNR": 43.952128637466075,
            "MSSIM": 0.9904545531990191,
            "SAM": 0.06010705232620239,
            "Time": 0.513
        },
        "Lehavim_0910-1708": {
            "MPSNR": 42.42849240281884,
            "MSSIM": 0.9878068592211556,
            "SAM": 0.035410553216934204,
            "Time": 0.514
        },
        "objects_0924-1629": {
            "MPSNR": 43.2867468329053,
            "MSSIM": 0.9940371546784462,
            "SAM": 0.03834936395287514,
            "Time": 0.514
        },
        "Lehavim_0910-1627": {
            "MPSNR": 44.023377781619736,
            "MSSIM": 0.9909485389566443,
            "SAM": 0.06330877542495728,
            "Time": 0.514
        },