{
    "avg": {
        "MPSNR": 43.68912783725825,
        "MSSIM": 0.9908368453939184,
        "SAM": 0.04234293084591627,
        "Time": 0.5810400000000001
    },
    "detail": {
        "gavyam_0823-0933": {
            "MPSNR": 42.01116809423075,
            "MSSIM": 0.9897829888055422,
            "SAM": 0.022589975968003273,
            "Time": 1.018
        },
        "objects_0924-1557": {
            "MPSNR": 43.25611703512456,
            "MSSIM": 0.9939490833759045,
            "SAM": 0.02915593609213829,
            "Time": 0.565
        },
        "lehavim_0910-1600": {
            "MPSNR": 44.20001767946497,
            "MSSIM": 0.991940282495584,
            "SAM": 0.0204769317060709,
            "Time": 0.568
        },
        "Lehavim_0910-1717": {
            "MPSNR": 44.21907544104456,
            "MSSIM": 0.9909585334818194,
            "SAM": 0.048693716526031494,
            "Time": 0.569
        },
        "gavyam_0823-0944": {
            "MPSNR": 42.11255576503347,
            "MSSIM": 0.9905097445185924,
            "SAM": 0.027355432510375977,
            "Time": 0.568
        },
        "nachal_0823-1222": {
            "MPSNR": 43.482188846467885,
            "MSSIM": 0.9904877058459047,
            "SAM": 0.04015307128429413,
            "Time": 0.569
        },
        "lehavim_0910-1610": {
            "MPSNR": 42.03004691976875,
            "MSSIM": 0.9872337006251233,
            "SAM": 0.04583122581243515,
            "Time": 0.569
        },
        "objects_0924-1623": {
            "MPSNR": 44.733412608088415,
            "MSSIM": 0.9956964831924219,
            "SAM": 0.033582646399736404,
            "Time": 0.568
        },
        "objects_0924-1650": {
            "MPSNR": 41.55962140297274,
            "MSSIM": 0.9895528313979862,
            "SAM": 0.04703851789236069,
            "Time": 0.57
        },
        "nachal_0823-1214": {
            "MPSNR": 41.40577291915932,
            "MSSIM": 0.9866138716531649,
            "SAM": 0.02657618559896946,
            "Time": 0.569
        },
        "Labtest_0910-1504": {
            "MPSNR": 48.90742207097551,
            "MSSIM": 0.9946016106197723,
            "SAM": 0.07503212988376617,
            "Time": 0.572
        },
        "objects_0924-1648": {
            "MPSNR": 42.99559199987963,
            "MSSIM": 0.993221862280825,
            "SAM": 0.03858151286840439,
            "Time": 0.573
        },
        "rmt_0328-1249-1": {
            "MPSNR": 45.64428894608236,
            "MSSIM": 0.9916189536862058,
            "SAM": 0.06726055592298508,
            "Time": 0.571
        },
        "Labtest_0910-1509": {
            "MPSNR": 43.6894488926298,
            "MSSIM": 0.9867830244894452,
            "SAM": 0.0749053880572319,
            "Time": 0.574
        },
        "objects_0924-1611": {
            "MPSNR": 43.55600390174056,
            "MSSIM": 0.9942772691061434,
            "SAM": 0.029109233990311623,
            "Time": 0.573
        },
        "nachal_0823-1127": {
            "MPSNR": 43.10987845712295,
            "MSSIM": 0.9905427712190321,
            "SAM": 0.028443913906812668,
            "Time": 0.573
        },
        "IDS_COLORCHECK_1020-1215-1": {
            "MPSNR": 47.77421824860593,
            "MSSIM": 0.9959929719125501,
            "SAM": 0.03565036505460739,
            "Time": 0.572
        },
        "Labtest_0910-1513": {
            "MPSNR": 42.928969088227525,
            "MSSIM": 0.9909839929249883,
            "SAM": 0.05947622284293175,
            "Time": 0.572
        },
        "selfie_0822-0906": {
            "MPSNR": 41.17560701958584,
            "MSSIM": 0.9856551446086318,
            "SAM": 0.026876503601670265,
            "Time": 0.572
        },
        "nachal_0823-1118": {
            "MPSNR": 41.88940859658025,
            "MSSIM": 0.9873101784630892,
            "SAM": 0.04279245063662529,
            "Time": 0.573
        },
        "objects_0924-1617": {
            "MPSNR": 43.552140046327935,
            "MSSIM": 0.9943434416615674,
            "SAM": 0.029101219028234482,
            "Time": 0.571
        },
        "ulm_0328-1118": {
            "MPSNR": 43.519846844608665,
            "MSSIM": 0.9930771974611377,
            "SAM": 0.03084489330649376,
            "Time": 0.573
        },
        "Lehavim_0910-1716": {
            "MPSNR": 46.5249023691113,
            "MSSIM": 0.9914554971191627,
            "SAM": 0.06544112414121628,
            "Time": 0.572
        },
        "Lehavim_0910-1635": {
            "MPSNR": 36.75485026158182,
            "MSSIM": 0.9679105507275155,
            "SAM": 0.06719876825809479,
            "Time": 0.574
        },
        "objects_0924-1607": {
            "MPSNR": 43.50911863700259,
            "MSSIM": 0.9941909407417695,
            "SAM": 0.030567001551389694,
            "Time": 0.574
        },
        "objects_0924-1625": {
            "MPSNR": 42.35784558544084,
            "MSSIM": 0.993026306642034,
            "SAM": 0.0328507274389267,
            "Time": 0.573
        },
        "nachal_0823-1144": {
            "MPSNR": 43.38885943531727,
            "MSSIM": 0.9910197550649982,
            "SAM": 0.029950987547636032,
            "Time": 0.572
        },
        "nachal_0823-1121": {
            "MPSNR": 41.92645502175308,
            "MSSIM": 0.9893914512570834,
            "SAM": 0.03211589530110359,
            "Time": 0.572
        },
        "gavyam_0823-0930": {
            "MPSNR": 41.21814957310574,
            "MSSIM": 0.9824270218947748,
            "SAM": 0.06692149490118027,
            "Time": 0.572
        },
        "objects_0924-1628": {
            "MPSNR": 44.8715035442453,
            "MSSIM": 0.9954198713846362,
            "SAM": 0.03607827052474022,
            "Time": 0.574
        },
        "rmt_0328-1241-1": {
            "MPSNR": 39.905122879831595,
            "MSSIM": 0.9849569512212872,
            "SAM": 0.022622819989919662,
            "Time": 0.572
        },
        "objects_0924-1641": {
            "MPSNR": 42.122949084880375,
            "MSSIM": 0.9923110945610879,
            "SAM": 0.041588179767131805,
            "Time": 0.572
        },
        "nachal_0823-1223": {
            "MPSNR": 43.35506902865248,
            "MSSIM": 0.9919266718991481,
            "SAM": 0.028251882642507553,
            "Time": 0.573
        },
        "objects_0924-1614": {
            "MPSNR": 43.66649905391248,
            "MSSIM": 0.9943909194980608,
            "SAM": 0.02951018139719963,
            "Time": 0.571
        },
        "nachal_0823-1047": {
            "MPSNR": 41.14685712716097,
            "MSSIM": 0.9895060150046947,
            "SAM": 0.023026125505566597,
            "Time": 0.573
        },
        "negev_0823-1003": {
            "MPSNR": 42.27208220570819,
            "MSSIM": 0.9879425496172825,
            "SAM": 0.019459666684269905,
            "Time": 0.573
        },
        "Lehavim_0910-1626": {
            "MPSNR": 40.535174338716125,
            "MSSIM": 0.979372035973171,
            "SAM": 0.034004148095846176,
            "Time": 0.574
        },
        "nachal_0823-1149": {
            "MPSNR": 41.09018827868185,
            "MSSIM": 0.9850517959732962,
            "SAM": 0.06834741681814194,
            "Time": 0.574
        },
        "objects_0924-1602": {
            "MPSNR": 43.073077609395575,
            "MSSIM": 0.99356542067881,
            "SAM": 0.03351552039384842,
            "Time": 0.573
        },
        "nachal_0823-1217": {
            "MPSNR": 42.546006546791766,
            "MSSIM": 0.9892984875241742,
            "SAM": 0.03445125371217728,
            "Time": 0.573
        },
        "CC_40D_2_1103-0917": {
            "MPSNR": 44.062790193852535,
            "MSSIM": 0.9943628917741384,
            "SAM": 0.018976593390107155,
            "Time": 0.574
        },
        "Master2900k": {
            "MPSNR": 54.31229538370755,