{
    "avg": {
        "MPSNR": 42.96270300057065,
        "MSSIM": 0.9884612381229946,
        "SAM": 0.04521373331546783,
        "Time": 0.5752800000000002
    },
    "detail": {
        "gavyam_0823-0933": {
            "MPSNR": 38.599191534589764,
            "MSSIM": 0.9794711495506936,
            "SAM": 0.028824497014284134,
            "Time": 0.579
        },
        "objects_0924-1557": {
            "MPSNR": 41.892978231467616,
            "MSSIM": 0.992176985548659,
            "SAM": 0.03329047933220863,
            "Time": 0.575
        },
        "lehavim_0910-1600": {
            "MPSNR": 42.11806464266336,
            "MSSIM": 0.9876865042729704,
            "SAM": 0.023381823673844337,
            "Time": 0.575
        },
        "Lehavim_0910-1717": {
            "MPSNR": 44.54024878971547,
            "MSSIM": 0.9916543737621485,
            "SAM": 0.047895051538944244,
            "Time": 0.577
        },
        "gavyam_0823-0944": {
            "MPSNR": 38.929572819039585,
            "MSSIM": 0.9813555664219317,
            "SAM": 0.033915258944034576,
            "Time": 0.574
        },
        "nachal_0823-1222": {
            "MPSNR": 43.22716225847208,
            "MSSIM": 0.9899529595584254,
            "SAM": 0.041123922914266586,
            "Time": 0.577
        },
        "lehavim_0910-1610": {
            "MPSNR": 39.101306652871365,
            "MSSIM": 0.9763196231975039,
            "SAM": 0.0556555800139904,
            "Time": 0.575
        },
        "objects_0924-1623": {
            "MPSNR": 42.7919362194375,
            "MSSIM": 0.9938205734893233,
            "SAM": 0.03966401889920235,
            "Time": 0.576
        },
        "objects_0924-1650": {
            "MPSNR": 40.44561754617142,
            "MSSIM": 0.9868562929978364,
            "SAM": 0.05144765228033066,
            "Time": 0.576
        },
        "nachal_0823-1214": {
            "MPSNR": 40.341306902710514,
            "MSSIM": 0.9831848339841482,
            "SAM": 0.02828189544379711,
            "Time": 0.576
        },
        "Labtest_0910-1504": {
            "MPSNR": 45.87405149906189,
            "MSSIM": 0.9888533968923394,
            "SAM": 0.09573236107826233,
            "Time": 0.578
        },
        "objects_0924-1648": {
            "MPSNR": 45.79233102088159,
            "MSSIM": 0.9959834157485511,
            "SAM": 0.03032774105668068,
            "Time": 0.575
        },
        "rmt_0328-1249-1": {
            "MPSNR": 43.73286206832431,
            "MSSIM": 0.9869278720544229,
            "SAM": 0.0770053118467331,
            "Time": 0.577
        },
        "Labtest_0910-1509": {
            "MPSNR": 40.61716920329786,
            "MSSIM": 0.9733715930713192,
            "SAM": 0.09428861737251282,
            "Time": 0.577
        },
        "objects_0924-1611": {
            "MPSNR": 40.67154680732128,
            "MSSIM": 0.9903169084546605,
            "SAM": 0.03751111030578613,
            "Time": 0.577
        },
        "nachal_0823-1127": {
            "MPSNR": 43.418528721863545,
            "MSSIM": 0.9910948315660388,
            "SAM": 0.028073549270629883,
            "Time": 0.577
        },
        "IDS_COLORCHECK_1020-1215-1": {
            "MPSNR": 46.3617066918019,
            "MSSIM": 0.9945986196466885,
            "SAM": 0.04025283455848694,
            "Time": 0.574
        },
        "Labtest_0910-1513": {
            "MPSNR": 41.94131307845165,
            "MSSIM": 0.9888081554717388,
            "SAM": 0.06237514317035675,
            "Time": 0.577
        },
        "selfie_0822-0906": {
            "MPSNR": 41.27103774313348,
            "MSSIM": 0.9859429940249569,
            "SAM": 0.02677900716662407,
            "Time": 0.576
        },
        "nachal_0823-1118": {
            "MPSNR": 45.828501684435885,
            "MSSIM": 0.9948667430139276,
            "SAM": 0.033322952687740326,
            "Time": 0.576
        },
        "objects_0924-1617": {
            "MPSNR": 44.69703668960268,
            "MSSIM": 0.9954425419641418,
            "SAM": 0.02631157450377941,
            "Time": 0.576
        },
        "ulm_0328-1118": {
            "MPSNR": 41.22915515484465,
            "MSSIM": 0.9888525211602642,
            "SAM": 0.03687097132205963,
            "Time": 0.575
        },
        "Lehavim_0910-1716": {
            "MPSNR": 43.390829001859835,
            "MSSIM": 0.9823447154092648,
            "SAM": 0.07753071188926697,
            "Time": 0.573
        },
        "Lehavim_0910-1635": {
            "MPSNR": 38.038598479251114,
            "MSSIM": 0.9748462316335035,
            "SAM": 0.0630868449807167,
            "Time": 0.576
        },
        "objects_0924-1607": {
            "MPSNR": 47.00360590796815,
            "MSSIM": 0.9970579667560108,
            "SAM": 0.02319716289639473,
            "Time": 0.573
        },
        "objects_0924-1625": {
            "MPSNR": 43.325296945676655,
            "MSSIM": 0.9942530968111903,
            "SAM": 0.03009294904768467,
            "Time": 0.573
        },
        "nachal_0823-1144": {
            "MPSNR": 43.12407815513287,
            "MSSIM": 0.9904694429811115,
            "SAM": 0.03134118765592575,
            "Time": 0.573
        },
        "nachal_0823-1121": {
            "MPSNR": 40.98468015241109,
            "MSSIM": 0.9870331649312161,
            "SAM": 0.03420063108205795,
            "Time": 0.575
        },
        "gavyam_0823-0930": {
            "MPSNR": 42.819783436178874,
            "MSSIM": 0.9877651017486782,
            "SAM": 0.059903621673583984,
            "Time": 0.574
        },
        "objects_0924-1628": {
            "MPSNR": 43.694481691666326,
            "MSSIM": 0.9941976592418361,
            "SAM": 0.039970338344573975,
            "Time": 0.575
        },
        "rmt_0328-1241-1": {
            "MPSNR": 38.6555761729973,
            "MSSIM": 0.9806023672798395,
            "SAM": 0.025030652061104774,
            "Time": 0.575
        },
        "objects_0924-1641": {
            "MPSNR": 42.63591549014107,
            "MSSIM": 0.9929885284798743,
            "SAM": 0.03937104344367981,
            "Time": 0.574
        },
        "nachal_0823-1223": {
            "MPSNR": 47.31983024167737,
            "MSSIM": 0.9966601029520492,
            "SAM": 0.02173103578388691,
            "Time": 0.573
        },
        "objects_0924-1614": {
            "MPSNR": 42.252334163009166,
            "MSSIM": 0.9927190475954545,
            "SAM": 0.033296383917331696,
            "Time": 0.574
        },
        "nachal_0823-1047": {
            "MPSNR": 39.811238257916365,
            "MSSIM": 0.9859308442806143,
            "SAM": 0.02484210394322872,
            "Time": 0.577
        },
        "negev_0823-1003": {
            "MPSNR": 41.19279664178542,
            "MSSIM": 0.984751115372371,
            "SAM": 0.02088283561170101,
            "Time": 0.576
        },
        "Lehavim_0910-1626": {
            "MPSNR": 37.32416302070099,
            "MSSIM": 0.9562683015534038,
            "SAM": 0.042447350919246674,
            "Time": 0.576
        },
        "nachal_0823-1149": {
            "MPSNR": 40.87160049073322,
            "MSSIM": 0.9842634042328264,
            "SAM": 0.06942275166511536,
            "Time": 0.577
        },
        "objects_0924-1602": {
            "MPSNR": 44.58568959291312,
            "MSSIM": 0.9951939285383479,
            "SAM": 0.02939932607114315,
            "Time": 0.573
        },
        "nachal_0823-1217": {
            "MPSNR": 40.66518289884942,
            "MSSIM": 0.9837712331946139,
            "SAM": 0.03921020030975342,
            "Time": 0.576
        },
        "CC_40D_2_1103-0917": {
            "MPSNR": 46.05910897949945,
            "MSSIM": 0.9962219291368606,
            "SAM": 0.016376972198486328,
            "Time": 0.575
        },
        "Master2900k": {
            "MPSNR": 51.80815961812034,