{
    "avg": {
        "MPSNR": 41.32154732437675,
        "MSSIM": 0.9851291734489678,
        "SAM": 0.05253307685256004,
        "Time": 0.5158399999999999
    },
    "detail": {
        "gavyam_0823-0933": {
            "MPSNR": 39.47738677563212,
            "MSSIM": 0.9829325684019091,
            "SAM": 0.02743929997086525,
            "Time": 0.52
        },
        "objects_0924-1557": {
            "MPSNR": 41.050467074353385,
            "MSSIM": 0.9907819775038612,
            "SAM": 0.035290561616420746,
            "Time": 0.516
        },
        "lehavim_0910-1600": {
            "MPSNR": 42.00902427677728,
            "MSSIM": 0.9875471935469357,
            "SAM": 0.02418629080057144,
            "Time": 0.514
        },
        "Lehavim_0910-1717": {
            "MPSNR": 41.52353970803778,
            "MSSIM": 0.9834536061651384,
            "SAM": 0.05679831653833389,
            "Time": 0.515
        },
        "gavyam_0823-0944": {
            "MPSNR": 39.55948577144291,
            "MSSIM": 0.9837896659566711,
            "SAM": 0.03448112681508064,
            "Time": 0.514
        },
        "nachal_0823-1222": {
            "MPSNR": 41.16434833688054,
            "MSSIM": 0.9843352814836531,
            "SAM": 0.049081698060035706,
            "Time": 0.515
        },
        "lehavim_0910-1610": {
            "MPSNR": 39.5221357142068,
            "MSSIM": 0.9785088113555039,
            "SAM": 0.053936537355184555,
            "Time": 0.514
        },
        "objects_0924-1623": {
            "MPSNR": 42.36234173442862,
            "MSSIM": 0.9934229332578324,
            "SAM": 0.04071684926748276,
            "Time": 0.516
        },
        "objects_0924-1650": {
            "MPSNR": 39.63094652423056,
            "MSSIM": 0.9841619540492375,
            "SAM": 0.05726877227425575,
            "Time": 0.515
        },
        "nachal_0823-1214": {
            "MPSNR": 38.87435782280447,
            "MSSIM": 0.9773653913350371,
            "SAM": 0.03104543685913086,
            "Time": 0.516
        },
        "Labtest_0910-1504": {
            "MPSNR": 46.20429909160496,
            "MSSIM": 0.9898463468024666,
            "SAM": 0.09488652646541595,
            "Time": 0.516
        },
        "objects_0924-1648": {
            "MPSNR": 40.85656249398459,
            "MSSIM": 0.990198644242342,
            "SAM": 0.045806240290403366,
            "Time": 0.517
        },
        "rmt_0328-1249-1": {
            "MPSNR": 43.31790891642492,
            "MSSIM": 0.9858046125201395,
            "SAM": 0.082117460668087,
            "Time": 0.516
        },
        "Labtest_0910-1509": {
            "MPSNR": 41.562342900614055,
            "MSSIM": 0.9783530060971982,
            "SAM": 0.08944960683584213,
            "Time": 0.515
        },
        "objects_0924-1611": {
            "MPSNR": 41.33709985627069,
            "MSSIM": 0.9913407265541094,
            "SAM": 0.0349406898021698,
            "Time": 0.518
        },
        "nachal_0823-1127": {
            "MPSNR": 40.93341980934752,
            "MSSIM": 0.9856739702509192,
            "SAM": 0.03389415144920349,
            "Time": 0.515
        },
        "IDS_COLORCHECK_1020-1215-1": {
            "MPSNR": 45.06378824479428,
            "MSSIM": 0.9928576794577267,
            "SAM": 0.04644887521862984,
            "Time": 0.516
        },
        "Labtest_0910-1513": {
            "MPSNR": 40.549305143625816,
            "MSSIM": 0.9847587509932701,
            "SAM": 0.06809437274932861,
            "Time": 0.518
        },
        "selfie_0822-0906": {
            "MPSNR": 39.43353126380237,
            "MSSIM": 0.978493294670488,
            "SAM": 0.0321502611041069,
            "Time": 0.513
        },
        "nachal_0823-1118": {
            "MPSNR": 39.427794252888795,
            "MSSIM": 0.978249659096573,
            "SAM": 0.049388185143470764,
            "Time": 0.516
        },
        "objects_0924-1617": {
            "MPSNR": 41.403356427533986,
            "MSSIM": 0.9915171903898977,
            "SAM": 0.03450699523091316,
            "Time": 0.517
        },
        "ulm_0328-1118": {
            "MPSNR": 41.129332305555714,
            "MSSIM": 0.9885688712608822,
            "SAM": 0.03733465075492859,
            "Time": 0.516
        },
        "Lehavim_0910-1716": {
            "MPSNR": 44.07174638699389,
            "MSSIM": 0.9848644355498224,
            "SAM": 0.07976642996072769,
            "Time": 0.515
        },
        "Lehavim_0910-1635": {
            "MPSNR": 35.18663399154083,
            "MSSIM": 0.9570599194348436,
            "SAM": 0.07138536125421524,
            "Time": 0.515
        },
        "objects_0924-1607": {
            "MPSNR": 41.23280542384193,
            "MSSIM": 0.9910107469819095,
            "SAM": 0.03652678430080414,
            "Time": 0.516
        },
        "objects_0924-1625": {
            "MPSNR": 40.06433255693627,
            "MSSIM": 0.9893932131047647,
            "SAM": 0.040608640760183334,
            "Time": 0.515
        },
        "nachal_0823-1144": {
            "MPSNR": 40.74029056455356,
            "MSSIM": 0.983835241638696,
            "SAM": 0.03590412810444832,
            "Time": 0.516
        },
        "nachal_0823-1121": {
            "MPSNR": 39.41487730081217,
            "MSSIM": 0.9820524554414797,
            "SAM": 0.038514770567417145,
            "Time": 0.516
        },
        "gavyam_0823-0930": {
            "MPSNR": 38.82837636149576,
            "MSSIM": 0.9707155189079987,
            "SAM": 0.08182431757450104,
            "Time": 0.516
        },
        "objects_0924-1628": {
            "MPSNR": 42.71405896282,
            "MSSIM": 0.9930280771821032,
            "SAM": 0.04332306981086731,
            "Time": 0.516
        },
        "rmt_0328-1241-1": {
            "MPSNR": 37.96794156166616,
            "MSSIM": 0.9775736693016835,
            "SAM": 0.026944207027554512,
            "Time": 0.516
        },
        "objects_0924-1641": {
            "MPSNR": 39.948244259725115,
            "MSSIM": 0.9884181322658365,
            "SAM": 0.049903418868780136,
            "Time": 0.517
        },
        "nachal_0823-1223": {
            "MPSNR": 40.741946357980396,
            "MSSIM": 0.9864221100257585,
            "SAM": 0.03471406176686287,
            "Time": 0.514
        },
        "objects_0924-1614": {
            "MPSNR": 41.548957249972396,
            "MSSIM": 0.9916095789082421,
            "SAM": 0.034848250448703766,
            "Time": 0.516
        },
        "nachal_0823-1047": {
            "MPSNR": 38.53388523480338,
            "MSSIM": 0.9817029418961364,
            "SAM": 0.027369702234864235,
            "Time": 0.516
        },
        "negev_0823-1003": {
            "MPSNR": 39.92153828389008,
            "MSSIM": 0.9804554080539475,
            "SAM": 0.023328475654125214,
            "Time": 0.516
        },
        "Lehavim_0910-1626": {
            "MPSNR": 38.17482121175577,
            "MSSIM": 0.9644020783911,
            "SAM": 0.04216882959008217,
            "Time": 0.515
        },
        "nachal_0823-1149": {
            "MPSNR": 38.619716960456294,
            "MSSIM": 0.9743729021736837,
            "SAM": 0.08005597442388535,
            "Time": 0.517
        },
        "objects_0924-1602": {
            "MPSNR": 41.0060844787936,
            "MSSIM": 0.9906278541891398,
            "SAM": 0.04006125032901764,
            "Time": 0.515
        },
        "nachal_0823-1217": {
            "MPSNR": 40.106421089495875,
            "MSSIM": 0.9818635587039829,
            "SAM": 0.040852803736925125,
            "Time": 0.516
        },
        "CC_40D_2_1103-0917": {
            "MPSNR": 41.67690663056922,
            "MSSIM": 0.9911945138577101,
            "SAM": 0.023756176233291626,
            "Time": 0.517
        },
        "Master2900k": {
            "MPSNR": 50.533833167928776,