{
    "avg": {
        "MPSNR": 42.34909403232079,
        "MSSIM": 0.990564863240747,
        "SAM": 0.04829661672314008,
        "Time": 0.2702156862745097
    },
    "detail": {
        "nachal_0823-1147": {
            "MPSNR": 40.70920733068193,
            "MSSIM": 0.9875965167208502,
            "SAM": 0.03154166787862778,
            "Time": 0.271
        },
        "objects_0924-1600": {
            "MPSNR": 41.686580201183446,
            "MSSIM": 0.9920008675044301,
            "SAM": 0.041340600699186325,
            "Time": 0.27
        },
        "objects_0924-1601": {
            "MPSNR": 41.784874205907585,
            "MSSIM": 0.992137392602812,
            "SAM": 0.035778749734163284,
            "Time": 0.27
        },
        "Labtest_0910-1510": {
            "MPSNR": 44.89255450179192,
            "MSSIM": 0.9917775837301911,
            "SAM": 0.07805858552455902,
            "Time": 0.269
        },
        "Lehavim_0910-1725": {
            "MPSNR": 42.42990247095373,
            "MSSIM": 0.989119506313498,
            "SAM": 0.06615572422742844,
            "Time": 0.271
        },
        "lehavim_0910-1605": {
            "MPSNR": 40.33608832600654,
            "MSSIM": 0.9876783505109077,
            "SAM": 0.05000799521803856,
            "Time": 0.27
        },
        "objects_0924-1556": {
            "MPSNR": 46.544007316696394,
            "MSSIM": 0.9952992963606647,
            "SAM": 0.04200275242328644,
            "Time": 0.27
        },
        "gavyam_0823-0945": {
            "MPSNR": 40.78062017471829,
            "MSSIM": 0.9851235528423803,
            "SAM": 0.06834743171930313,
            "Time": 0.272
        },
        "objects_0924-1620": {
            "MPSNR": 42.67697570184259,
            "MSSIM": 0.9937319001388335,
            "SAM": 0.03263945132493973,
            "Time": 0.27
        },
        "objects_0924-1619": {
            "MPSNR": 42.17678715686924,
            "MSSIM": 0.9929015119235258,
            "SAM": 0.037678081542253494,
            "Time": 0.27
        },
        "IDS_COLORCHECK_1020-1223": {
            "MPSNR": 40.05648984225438,
            "MSSIM": 0.9885636472556231,
            "SAM": 0.028675813227891922,
            "Time": 0.27
        },
        "Labtest_0910-1502": {
            "MPSNR": 42.742433948341755,
            "MSSIM": 0.9900975303777578,
            "SAM": 0.08055833727121353,
            "Time": 0.27
        },
        "objects_0924-1634": {
            "MPSNR": 41.8422374219381,
            "MSSIM": 0.9916311134401449,
            "SAM": 0.02679186873137951,
            "Time": 0.271
        },
        "lehavim_0910-1607": {
            "MPSNR": 41.988880624064194,
            "MSSIM": 0.9844051759887182,
            "SAM": 0.07550535351037979,
            "Time": 0.27
        },
        "Lehavim_0910-1622": {
            "MPSNR": 43.51025268540492,
            "MSSIM": 0.9906775542525614,
            "SAM": 0.06349816173315048,
            "Time": 0.27
        },
        "tree_0822-0853": {
            "MPSNR": 42.55989632507141,
            "MSSIM": 0.9904000167187792,
            "SAM": 0.03186139464378357,
            "Time": 0.27
        },
        "objects_0924-1605": {
            "MPSNR": 42.838334697947346,
            "MSSIM": 0.9937498002348895,
            "SAM": 0.03586516156792641,
            "Time": 0.271
        },
        "gavyam_0823-0950-1": {
            "MPSNR": 41.32734035655519,
            "MSSIM": 0.9870076956449609,
            "SAM": 0.042930833995342255,
            "Time": 0.272
        },
        "objects_0924-1639": {
            "MPSNR": 42.87128935797454,
            "MSSIM": 0.992920178714089,
            "SAM": 0.04592081904411316,
            "Time": 0.271
        },
        "objects_0924-1558": {
            "MPSNR": 42.64238260703822,
            "MSSIM": 0.992877931934476,
            "SAM": 0.041321564465761185,
            "Time": 0.27
        },
        "objects_0924-1612": {
            "MPSNR": 42.498611756160756,
            "MSSIM": 0.9933120482671848,
            "SAM": 0.03918590396642685,
            "Time": 0.27
        },
        "objects_0924-1624": {
            "MPSNR": 41.798427967279466,
            "MSSIM": 0.9928887926104932,
            "SAM": 0.036178864538669586,
            "Time": 0.271
        },
        "Lehavim_0910-1633": {
            "MPSNR": 45.85379171834837,
            "MSSIM": 0.9919370050975158,
            "SAM": 0.09276426583528519,
            "Time": 0.271
        },
        "bulb_0822-0903": {
            "MPSNR": 43.88300625238588,
            "MSSIM": 0.9913401892958952,
            "SAM": 0.05277162045240402,
            "Time": 0.27
        },
        "Lehavim_0910-1718": {
            "MPSNR": 46.23736319729704,
            "MSSIM": 0.9923235764030137,
            "SAM": 0.08096316456794739,
            "Time": 0.27
        },
        "objects_0924-1633": {
            "MPSNR": 41.27869242340599,
            "MSSIM": 0.9911388464533508,
            "SAM": 0.04028407484292984,
            "Time": 0.27
        },
        "nachal_0823-1210-4": {
            "MPSNR": 42.02094044822451,
            "MSSIM": 0.9915101732398923,
            "SAM": 0.03893657028675079,
            "Time": 0.269
        },
        "nachal_0823-1145": {
            "MPSNR": 41.07769202533475,
            "MSSIM": 0.9918932299359804,
            "SAM": 0.016684118658304214,
            "Time": 0.27
        },
        "nachal_0823-1220": {
            "MPSNR": 42.6374542939627,
            "MSSIM": 0.9894166020589134,
            "SAM": 0.04951298609375954,
            "Time": 0.27
        },
        "nachal_0823-1152": {
            "MPSNR": 41.13857612592651,
            "MSSIM": 0.9861895059192042,
            "SAM": 0.045746855437755585,
            "Time": 0.27
        },
        "objects_0924-1610": {
            "MPSNR": 42.998534040387284,
            "MSSIM": 0.9932869739987628,
            "SAM": 0.048767589032649994,
            "Time": 0.27
        },
        "nachal_0823-1213": {
            "MPSNR": 43.22449547020777,
            "MSSIM": 0.9906236484362761,
            "SAM": 0.037151481956243515,
            "Time": 0.271
        },
        "objects_0924-1631": {
            "MPSNR": 40.47660072918906,
            "MSSIM": 0.9911978918270643,
            "SAM": 0.039032600820064545,
            "Time": 0.27
        },
        "negev_0823-1005": {
            "MPSNR": 40.58522490582908,
            "MSSIM": 0.9887844947798181,
            "SAM": 0.02360958233475685,
            "Time": 0.271
        },
        "Lehavim_0910-1640": {
            "MPSNR": 41.82274967535015,
            "MSSIM": 0.9879601095374123,
            "SAM": 0.058085158467292786,
            "Time": 0.27
        },
        "Labtest_0910-1506": {
            "MPSNR": 42.2097478835019,
            "MSSIM": 0.9895540072063378,
            "SAM": 0.08061547577381134,
            "Time": 0.27
        },
        "objects_0924-1652": {
            "MPSNR": 42.08737193028613,
            "MSSIM": 0.9891171765966873,
            "SAM": 0.047481585294008255,
            "Time": 0.269
        },
        "Lehavim_0910-1629": {
            "MPSNR": 42.65433711425604,
            "MSSIM": 0.9871909347888446,
            "SAM": 0.07457666099071503,
            "Time": 0.27
        },
        "Lehavim_0910-1708": {
            "MPSNR": 41.38220352790624,
            "MSSIM": 0.9860490077135327,
            "SAM": 0.04248097911477089,
            "Time": 0.27
        },
        "objects_0924-1629": {
            "MPSNR": 41.653768615251444,
            "MSSIM": 0.9911882500836712,
            "SAM": 0.044452883303165436,
            "Time": 0.27
        },
        "Lehavim_0910-1627": {
            "MPSNR": 42.600450071058354,
            "MSSIM": 0.9881884917134509,
            "SAM": 0.07316341996192932,
            "Time": 0.269
        },
        "objects_0924-1622": {
            "MPSNR": 41.688856621593075,