{
    "avg": {
        "MPSNR": 20.005216790440794,
        "MSSIM": 0.29934867037017776,
        "SAM": 0.6361092871427536,
        "Time": 0.0
    },
    "detail": {
        "gavyam_0823-0933": {
            "MPSNR": 19.37308649044896,
            "MSSIM": 0.3169263938994445,
            "SAM": 0.4965411126613617,
            "Time": 0.0
        },
        "objects_0924-1557": {
            "MPSNR": 19.595094173903075,
            "MSSIM": 0.2920566607513637,
            "SAM": 0.5624179244041443,
            "Time": 0.0
        },
        "lehavim_0910-1600": {
            "MPSNR": 19.57008507519263,
            "MSSIM": 0.29194822102918366,
            "SAM": 0.5189788341522217,
            "Time": 0.0
        },
        "Lehavim_0910-1717": {
            "MPSNR": 20.674866667282952,
            "MSSIM": 0.335973999839822,
            "SAM": 0.7875792384147644,
            "Time": 0.0
        },
        "gavyam_0823-0944": {
            "MPSNR": 19.434581592730233,
            "MSSIM": 0.31947020638141777,
            "SAM": 0.5088408589363098,
            "Time": 0.0
        },
        "nachal_0823-1222": {
            "MPSNR": 20.23492731331588,
            "MSSIM": 0.3145449319222818,
            "SAM": 0.6742419004440308,
            "Time": 0.0
        },
        "lehavim_0910-1610": {
            "MPSNR": 20.09427189551103,
            "MSSIM": 0.32226646683391397,
            "SAM": 0.6669578552246094,
            "Time": 0.0
        },
        "objects_0924-1623": {
            "MPSNR": 20.04606163257669,
            "MSSIM": 0.31500336726050904,
            "SAM": 0.6650310158729553,
            "Time": 0.0
        },
        "objects_0924-1650": {
            "MPSNR": 19.975504019791533,
            "MSSIM": 0.33468007333312727,
            "SAM": 0.6331884860992432,
            "Time": 0.0
        },
        "nachal_0823-1214": {
            "MPSNR": 19.401940857813905,
            "MSSIM": 0.30592756453622566,
            "SAM": 0.48162350058555603,
            "Time": 0.0
        },
        "Labtest_0910-1504": {
            "MPSNR": 21.196555974564447,
            "MSSIM": 0.2360543450420901,
            "SAM": 0.8988019824028015,
            "Time": 0.0
        },
        "objects_0924-1648": {
            "MPSNR": 19.88898819204887,
            "MSSIM": 0.3059633158003366,
            "SAM": 0.6129475235939026,
            "Time": 0.0
        },
        "rmt_0328-1249-1": {
            "MPSNR": 20.868765801399814,
            "MSSIM": 0.2843233508466821,
            "SAM": 0.8316289186477661,
            "Time": 0.0
        },
        "Labtest_0910-1509": {
            "MPSNR": 20.954483699286907,
            "MSSIM": 0.3042152125026648,
            "SAM": 0.836564302444458,
            "Time": 0.0
        },
        "objects_0924-1611": {
            "MPSNR": 19.636358114656694,
            "MSSIM": 0.2904223453832366,
            "SAM": 0.572535514831543,
            "Time": 0.0
        },
        "nachal_0823-1127": {
            "MPSNR": 19.597077954827892,
            "MSSIM": 0.29138026688781027,
            "SAM": 0.5191065073013306,
            "Time": 0.0
        },
        "IDS_COLORCHECK_1020-1215-1": {
            "MPSNR": 20.570235027210664,
            "MSSIM": 0.2927028934097449,
            "SAM": 0.7741039991378784,
            "Time": 0.0
        },
        "Labtest_0910-1513": {
            "MPSNR": 20.518063126096393,
            "MSSIM": 0.37493274950086675,
            "SAM": 0.759712815284729,
            "Time": 0.0
        },
        "selfie_0822-0906": {
            "MPSNR": 19.18613330768438,
            "MSSIM": 0.2758194376252108,
            "SAM": 0.381969153881073,
            "Time": 0.0
        },
        "nachal_0823-1118": {
            "MPSNR": 20.045760217838133,
            "MSSIM": 0.3305238629148438,
            "SAM": 0.6415036916732788,
            "Time": 0.0
        },
        "objects_0924-1617": {
            "MPSNR": 19.642371571230928,
            "MSSIM": 0.2939127621449475,
            "SAM": 0.5744548439979553,
            "Time": 0.0
        },
        "ulm_0328-1118": {
            "MPSNR": 19.687232703093184,
            "MSSIM": 0.30488654948442334,
            "SAM": 0.5785272121429443,
            "Time": 0.0
        },
        "Lehavim_0910-1716": {
            "MPSNR": 21.09125413059117,
            "MSSIM": 0.2717250276372389,
            "SAM": 0.8798048496246338,
            "Time": 0.0
        },
        "Lehavim_0910-1635": {
            "MPSNR": 19.390138420768768,
            "MSSIM": 0.34619011826823415,
            "SAM": 0.517002522945404,
            "Time": 0.0
        },
        "objects_0924-1607": {
            "MPSNR": 19.686990085641266,
            "MSSIM": 0.29585280582530665,
            "SAM": 0.5852786302566528,
            "Time": 0.0
        },
        "objects_0924-1625": {
            "MPSNR": 19.64819052385636,
            "MSSIM": 0.3042333468392167,
            "SAM": 0.5649306178092957,
            "Time": 0.0
        },
        "nachal_0823-1144": {
            "MPSNR": 19.515107523605693,
            "MSSIM": 0.28625479241444757,
            "SAM": 0.5480397939682007,
            "Time": 0.0
        },
        "nachal_0823-1121": {
            "MPSNR": 19.653299380922583,
            "MSSIM": 0.3295536668116329,
            "SAM": 0.5501176714897156,
            "Time": 0.0
        },
        "gavyam_0823-0930": {
            "MPSNR": 20.45600196920148,
            "MSSIM": 0.31221901555854065,
            "SAM": 0.7389757037162781,
            "Time": 0.0
        },
        "objects_0924-1628": {
            "MPSNR": 20.093048345562362,
            "MSSIM": 0.29616059091094765,
            "SAM": 0.6829116344451904,
            "Time": 0.0
        },
        "rmt_0328-1241-1": {
            "MPSNR": 18.9264275706918,
            "MSSIM": 0.2983202139262785,
            "SAM": 0.3179783523082733,
            "Time": 0.0
        },
        "objects_0924-1641": {
            "MPSNR": 19.854111217771507,
            "MSSIM": 0.3123464923492443,
            "SAM": 0.6082630157470703,
            "Time": 0.0
        },
        "nachal_0823-1223": {
            "MPSNR": 19.681580045807575,
            "MSSIM": 0.3195810722736625,
            "SAM": 0.5555632710456848,
            "Time": 0.0
        },
        "objects_0924-1614": {
            "MPSNR": 19.658727792709254,
            "MSSIM": 0.2919449236835875,
            "SAM": 0.5776227712631226,
            "Time": 0.0
        },
        "nachal_0823-1047": {
            "MPSNR": 19.22983405592502,
            "MSSIM": 0.35203689821150036,
            "SAM": 0.43745678663253784,
            "Time": 0.0
        },
        "negev_0823-1003": {
            "MPSNR": 19.368954601528117,
            "MSSIM": 0.2841374335568911,
            "SAM": 0.47086814045906067,
            "Time": 0.0
        },
        "Lehavim_0910-1626": {
            "MPSNR": 19.933277963519373,
            "MSSIM": 0.2963801778148173,
            "SAM": 0.6496978998184204,
            "Time": 0.0
        },
        "nachal_0823-1149": {
            "MPSNR": 20.576200177272728,
            "MSSIM": 0.34177336541939585,
            "SAM": 0.7287595868110657,
            "Time": 0.0
        },
        "objects_0924-1602": {
            "MPSNR": 19.742024610004425,
            "MSSIM": 0.2973906059898273,
            "SAM": 0.5921747088432312,
            "Time": 0.0
        },
        "nachal_0823-1217": {
            "MPSNR": 19.93582158351894,
            "MSSIM": 0.3234155480880815,
            "SAM": 0.5922961831092834,
            "Time": 0.0
        },
        "CC_40D_2_1103-0917": {
            "MPSNR": 19.29272450055705,
            "MSSIM": 0.2985244246534424,
            "SAM": 0.4174400269985199,
            "Time": 0.0
        },
        "Master2900k": {
            "MPSNR": 21.382420745195507,
            "MSSIM": 0.20181239963534225,
            "SAM": 0.9643067717552185,
            "Time": 0.0
        },