{
    "avg": {
        "MPSNR": 43.87348815880919,
        "MSSIM": 0.9929906397245183,
        "SAM": 0.04006975290237689,
        "Time": 0.5127647058823532
    },
    "detail": {
        "nachal_0823-1147": {
            "MPSNR": 41.54241131670962,
            "MSSIM": 0.9892122424437015,
            "SAM": 0.027144523337483406,
            "Time": 0.519
        },
        "objects_0924-1600": {
            "MPSNR": 42.26591585262869,
            "MSSIM": 0.9937563755668118,
            "SAM": 0.037067439407110214,
            "Time": 0.512
        },
        "objects_0924-1601": {
            "MPSNR": 43.44378636200893,
            "MSSIM": 0.9948347902414931,
            "SAM": 0.030422624200582504,
            "Time": 0.512
        },
        "Labtest_0910-1510": {
            "MPSNR": 46.18787958595361,
            "MSSIM": 0.9934495722076407,
            "SAM": 0.06566297262907028,
            "Time": 0.512
        },
        "Lehavim_0910-1725": {
            "MPSNR": 44.10480705074357,
            "MSSIM": 0.9921323335619119,
            "SAM": 0.0561756007373333,
            "Time": 0.513
        },
        "lehavim_0910-1605": {
            "MPSNR": 42.71781864073629,
            "MSSIM": 0.9917020034163848,
            "SAM": 0.03973211348056793,
            "Time": 0.513
        },
        "objects_0924-1556": {
            "MPSNR": 47.27967643082113,
            "MSSIM": 0.9961970699531882,
            "SAM": 0.03859628736972809,
            "Time": 0.512
        },
        "gavyam_0823-0945": {
            "MPSNR": 42.79573352913154,
            "MSSIM": 0.9897234833631717,
            "SAM": 0.055113762617111206,
            "Time": 0.514
        },
        "objects_0924-1620": {
            "MPSNR": 44.38198898462253,
            "MSSIM": 0.995730405134603,
            "SAM": 0.027990195900201797,
            "Time": 0.52
        },
        "objects_0924-1619": {
            "MPSNR": 44.335401900889366,
            "MSSIM": 0.9952957725609645,
            "SAM": 0.029558153823018074,
            "Time": 0.513
        },
        "IDS_COLORCHECK_1020-1223": {
            "MPSNR": 43.275982633952395,
            "MSSIM": 0.9936704416744352,
            "SAM": 0.019640253856778145,
            "Time": 0.513
        },
        "Labtest_0910-1502": {
            "MPSNR": 43.898768724498964,
            "MSSIM": 0.9922613466139981,
            "SAM": 0.07067868858575821,
            "Time": 0.513
        },
        "objects_0924-1634": {
            "MPSNR": 43.49683707438678,
            "MSSIM": 0.9934788088007167,
            "SAM": 0.019666794687509537,
            "Time": 0.511
        },
        "lehavim_0910-1607": {
            "MPSNR": 44.296987148752216,
            "MSSIM": 0.9911590822655398,
            "SAM": 0.05697263032197952,
            "Time": 0.512
        },
        "Lehavim_0910-1622": {
            "MPSNR": 45.60502840590606,
            "MSSIM": 0.9937524477773072,
            "SAM": 0.05238513648509979,
            "Time": 0.512
        },
        "tree_0822-0853": {
            "MPSNR": 42.789621741641675,
            "MSSIM": 0.9900271496023233,
            "SAM": 0.03353370726108551,
            "Time": 0.512
        },
        "objects_0924-1605": {
            "MPSNR": 42.49375722195183,
            "MSSIM": 0.9931309589895847,
            "SAM": 0.03736333176493645,
            "Time": 0.514
        },
        "gavyam_0823-0950-1": {
            "MPSNR": 41.2662202969585,
            "MSSIM": 0.9858925945695337,
            "SAM": 0.03902509808540344,
            "Time": 0.511
        },
        "objects_0924-1639": {
            "MPSNR": 43.11158009497971,
            "MSSIM": 0.993688544889766,
            "SAM": 0.040975429117679596,
            "Time": 0.514
        },
        "objects_0924-1558": {
            "MPSNR": 43.18416978516008,
            "MSSIM": 0.99399383026781,
            "SAM": 0.037167325615882874,
            "Time": 0.512
        },
        "objects_0924-1612": {
            "MPSNR": 44.52417767743576,
            "MSSIM": 0.9956940517552941,
            "SAM": 0.030350619927048683,
            "Time": 0.512
        },
        "objects_0924-1624": {
            "MPSNR": 43.40738591898458,
            "MSSIM": 0.9949345118572592,
            "SAM": 0.031004726886749268,
            "Time": 0.511
        },
        "Lehavim_0910-1633": {
            "MPSNR": 47.13099891512549,
            "MSSIM": 0.9938613047428654,
            "SAM": 0.07538438588380814,
            "Time": 0.511
        },
        "bulb_0822-0903": {
            "MPSNR": 44.84154747258805,
            "MSSIM": 0.9924417328458556,
            "SAM": 0.04866344854235649,
            "Time": 0.513
        },
        "Lehavim_0910-1718": {
            "MPSNR": 46.459587774010764,
            "MSSIM": 0.9925144721205691,
            "SAM": 0.07604960352182388,
            "Time": 0.515
        },
        "objects_0924-1633": {
            "MPSNR": 45.28769443914879,
            "MSSIM": 0.9960546093927786,
            "SAM": 0.029805723577737808,
            "Time": 0.512
        },
        "nachal_0823-1210-4": {
            "MPSNR": 43.5469203073245,
            "MSSIM": 0.9933415214852597,
            "SAM": 0.03166233003139496,
            "Time": 0.511
        },
        "nachal_0823-1145": {
            "MPSNR": 43.60079091663224,
            "MSSIM": 0.9956843129947557,
            "SAM": 0.01286129467189312,
            "Time": 0.513
        },
        "nachal_0823-1220": {
            "MPSNR": 44.574551849141756,
            "MSSIM": 0.9927947329414206,
            "SAM": 0.040220778435468674,
            "Time": 0.512
        },
        "nachal_0823-1152": {
            "MPSNR": 43.30964294597903,
            "MSSIM": 0.9913778423248586,
            "SAM": 0.03342854976654053,
            "Time": 0.512
        },
        "objects_0924-1610": {
            "MPSNR": 45.36348463216748,
            "MSSIM": 0.9960831975419151,
            "SAM": 0.038376569747924805,
            "Time": 0.513
        },
        "nachal_0823-1213": {
            "MPSNR": 43.50390743101576,
            "MSSIM": 0.9915771521495449,
            "SAM": 0.0341622419655323,
            "Time": 0.513
        },
        "objects_0924-1631": {
            "MPSNR": 42.02196790527722,
            "MSSIM": 0.9938229021709868,
            "SAM": 0.03297652304172516,
            "Time": 0.513
        },
        "negev_0823-1005": {
            "MPSNR": 42.250868180789546,
            "MSSIM": 0.9922292711087501,
            "SAM": 0.017470277845859528,
            "Time": 0.513
        },
        "Lehavim_0910-1640": {
            "MPSNR": 42.293670113706305,
            "MSSIM": 0.9882614553159406,
            "SAM": 0.04893019050359726,
            "Time": 0.512
        },
        "Labtest_0910-1506": {
            "MPSNR": 44.15300343123309,
            "MSSIM": 0.9922693007982856,
            "SAM": 0.06418441981077194,
            "Time": 0.512
        },
        "objects_0924-1652": {
            "MPSNR": 43.209024229360715,
            "MSSIM": 0.9913082332851216,
            "SAM": 0.0424303263425827,
            "Time": 0.513
        },
        "Lehavim_0910-1629": {
            "MPSNR": 45.14491125983313,
            "MSSIM": 0.9920940841080125,
            "SAM": 0.05485222116112709,
            "Time": 0.512
        },
        "Lehavim_0910-1708": {
            "MPSNR": 43.95501860575072,
            "MSSIM": 0.9921291410303131,
            "SAM": 0.03169025108218193,
            "Time": 0.513
        },
        "objects_0924-1629": {
            "MPSNR": 42.64227734705135,
            "MSSIM": 0.9935029893461557,
            "SAM": 0.0367666631937027,
            "Time": 0.512
        },
        "Lehavim_0910-1627": {
            "MPSNR": 44.60210987290404,
            "MSSIM": 0.9922520377523191,
            "SAM": 0.060912102460861206,
            "Time": 0.513
        },