{
    "avg": {
        "MPSNR": 15.023191024592522,
        "MSSIM": 0.21292163691253002,
        "SAM": 0.8683795338752223,
        "Time": 0.0
    },
    "detail": {
        "nachal_0823-1147": {
            "MPSNR": 15.491242762443527,
            "MSSIM": 0.2583976528123176,
            "SAM": 0.7664875388145447,
            "Time": 0.0
        },
        "objects_0924-1600": {
            "MPSNR": 14.552016213234896,
            "MSSIM": 0.2129306946797824,
            "SAM": 0.855302095413208,
            "Time": 0.0
        },
        "objects_0924-1601": {
            "MPSNR": 14.356080613364876,
            "MSSIM": 0.17985834020346456,
            "SAM": 0.8207239508628845,
            "Time": 0.0
        },
        "Labtest_0910-1510": {
            "MPSNR": 17.085149125607472,
            "MSSIM": 0.24070946744583163,
            "SAM": 1.0135807991027832,
            "Time": 0.0
        },
        "Lehavim_0910-1725": {
            "MPSNR": 14.856356306601354,
            "MSSIM": 0.2124785932895411,
            "SAM": 1.0326159000396729,
            "Time": 0.0
        },
        "lehavim_0910-1605": {
            "MPSNR": 13.975840455692897,
            "MSSIM": 0.21156289038831624,
            "SAM": 0.8667300939559937,
            "Time": 0.0
        },
        "objects_0924-1556": {
            "MPSNR": 15.247227663084875,
            "MSSIM": 0.18179855621406632,
            "SAM": 0.989330530166626,
            "Time": 0.0
        },
        "gavyam_0823-0945": {
            "MPSNR": 15.353801599353226,
            "MSSIM": 0.24968917625739998,
            "SAM": 0.919876754283905,
            "Time": 0.0
        },
        "objects_0924-1620": {
            "MPSNR": 15.305634824288855,
            "MSSIM": 0.22827895868086795,
            "SAM": 0.813485860824585,
            "Time": 0.0
        },
        "objects_0924-1619": {
            "MPSNR": 15.196010110811534,
            "MSSIM": 0.21423695356210293,
            "SAM": 0.8330007791519165,
            "Time": 0.0
        },
        "IDS_COLORCHECK_1020-1223": {
            "MPSNR": 13.24639837803472,
            "MSSIM": 0.15199790068983712,
            "SAM": 0.6788731217384338,
            "Time": 0.0
        },
        "Labtest_0910-1502": {
            "MPSNR": 15.235924303585273,
            "MSSIM": 0.21119422920259104,
            "SAM": 1.020390510559082,
            "Time": 0.0
        },
        "objects_0924-1634": {
            "MPSNR": 13.934242120901528,
            "MSSIM": 0.17827781890563116,
            "SAM": 0.7057877779006958,
            "Time": 0.0
        },
        "lehavim_0910-1607": {
            "MPSNR": 16.570141324848358,
            "MSSIM": 0.24863260506825213,
            "SAM": 0.9944071173667908,
            "Time": 0.0
        },
        "Lehavim_0910-1622": {
            "MPSNR": 15.764110395280806,
            "MSSIM": 0.2204590897761611,
            "SAM": 0.9922628402709961,
            "Time": 0.0
        },
        "tree_0822-0853": {
            "MPSNR": 13.40462947557944,
            "MSSIM": 0.16321388761814395,
            "SAM": 0.7278156876564026,
            "Time": 0.0
        },
        "objects_0924-1605": {
            "MPSNR": 14.102615519682365,
            "MSSIM": 0.20220309167568543,
            "SAM": 0.8622339963912964,
            "Time": 0.0
        },
        "gavyam_0823-0950-1": {
            "MPSNR": 14.482776452804615,
            "MSSIM": 0.19051757199311717,
            "SAM": 0.8121151328086853,
            "Time": 0.0
        },
        "objects_0924-1639": {
            "MPSNR": 14.045864643695891,
            "MSSIM": 0.19828750823813399,
            "SAM": 0.9210720062255859,
            "Time": 0.0
        },
        "objects_0924-1558": {
            "MPSNR": 16.66238556863615,
            "MSSIM": 0.3064291514349391,
            "SAM": 0.8784888386726379,
            "Time": 0.0
        },
        "objects_0924-1612": {
            "MPSNR": 14.996152773055018,
            "MSSIM": 0.20976722322721508,
            "SAM": 0.8443542122840881,
            "Time": 0.0
        },
        "objects_0924-1624": {
            "MPSNR": 15.357066128047821,
            "MSSIM": 0.22964187305135883,
            "SAM": 0.786470353603363,
            "Time": 0.0
        },
        "Lehavim_0910-1633": {
            "MPSNR": 15.972536428412061,
            "MSSIM": 0.20450548640675836,
            "SAM": 1.072821021080017,
            "Time": 0.0
        },
        "bulb_0822-0903": {
            "MPSNR": 14.870488817641304,
            "MSSIM": 0.17570405794082558,
            "SAM": 0.9361311793327332,
            "Time": 0.0
        },
        "Lehavim_0910-1718": {
            "MPSNR": 17.480354037382707,
            "MSSIM": 0.27434820294783724,
            "SAM": 1.10477876663208,
            "Time": 0.0
        },
        "objects_0924-1633": {
            "MPSNR": 14.578504124317703,
            "MSSIM": 0.1912810067838836,
            "SAM": 0.8738023638725281,
            "Time": 0.0
        },
        "nachal_0823-1210-4": {
            "MPSNR": 13.872930243664946,
            "MSSIM": 0.16252345371575996,
            "SAM": 0.8104014992713928,
            "Time": 0.0
        },
        "nachal_0823-1145": {
            "MPSNR": 13.829269762306629,
            "MSSIM": 0.2086830586124268,
            "SAM": 0.4155034124851227,
            "Time": 0.0
        },
        "nachal_0823-1220": {
            "MPSNR": 14.925661674485804,
            "MSSIM": 0.22303100757774633,
            "SAM": 0.909821093082428,
            "Time": 0.0
        },
        "nachal_0823-1152": {
            "MPSNR": 14.511477481232575,
            "MSSIM": 0.22434158225660078,
            "SAM": 0.8548462390899658,
            "Time": 0.0
        },
        "objects_0924-1610": {
            "MPSNR": 17.000569743239247,
            "MSSIM": 0.2870596021577989,
            "SAM": 0.9170844554901123,
            "Time": 0.0
        },
        "nachal_0823-1213": {
            "MPSNR": 14.802684572210248,
            "MSSIM": 0.188600194902726,
            "SAM": 0.8753037452697754,
            "Time": 0.0
        },
        "objects_0924-1631": {
            "MPSNR": 14.638650842296594,
            "MSSIM": 0.22146534023156633,
            "SAM": 0.8504312038421631,
            "Time": 0.0
        },
        "negev_0823-1005": {
            "MPSNR": 13.293723566795375,
            "MSSIM": 0.16676938067323552,
            "SAM": 0.6474562883377075,
            "Time": 0.0
        },
        "Lehavim_0910-1640": {
            "MPSNR": 15.82049924366753,
            "MSSIM": 0.2795233927783873,
            "SAM": 0.9595597386360168,
            "Time": 0.0
        },
        "Labtest_0910-1506": {
            "MPSNR": 16.072230454110855,
            "MSSIM": 0.2699624119171748,
            "SAM": 1.0102664232254028,
            "Time": 0.0
        },
        "objects_0924-1652": {
            "MPSNR": 14.468217661894089,
            "MSSIM": 0.1602679181883889,
            "SAM": 0.8132866024971008,
            "Time": 0.0
        },
        "Lehavim_0910-1629": {
            "MPSNR": 16.01052418369379,
            "MSSIM": 0.23472795993642337,
            "SAM": 1.0395865440368652,
            "Time": 0.0
        },
        "Lehavim_0910-1708": {
            "MPSNR": 15.18238415888676,
            "MSSIM": 0.2308773848924072,
            "SAM": 0.8587977290153503,
            "Time": 0.0
        },
        "objects_0924-1629": {
            "MPSNR": 15.794415419013937,
            "MSSIM": 0.23851192915667405,
            "SAM": 0.8324862122535706,
            "Time": 0.0
        },
        "Lehavim_0910-1627": {
            "MPSNR": 15.368458509617314,
            "MSSIM": 0.17859761112845973,
            "SAM": 0.9370138645172119,
            "Time": 0.0
        },
        "objects_0924-1622": {
            "MPSNR": 14.761586079186127,
            "MSSIM": 0.21819983198793547,
            "SAM": 0.8863040208816528,