{
    "avg": {
        "MPSNR": 39.22573930057446,
        "MSSIM": 0.9778972431683901,
        "SAM": 0.06955799359828234,
        "Time": 0.2704
    },
    "detail": {
        "gavyam_0823-0933": {
            "MPSNR": 37.469532810600114,
            "MSSIM": 0.9753891927189745,
            "SAM": 0.034748826175928116,
            "Time": 0.276
        },
        "objects_0924-1557": {
            "MPSNR": 38.70982838395197,
            "MSSIM": 0.9857371933032174,
            "SAM": 0.044080376625061035,
            "Time": 0.271
        },
        "lehavim_0910-1600": {
            "MPSNR": 39.79212762354828,
            "MSSIM": 0.9811740708246444,
            "SAM": 0.03260704129934311,
            "Time": 0.27
        },
        "Lehavim_0910-1717": {
            "MPSNR": 39.495346683301,
            "MSSIM": 0.9753547373741295,
            "SAM": 0.07290002703666687,
            "Time": 0.27
        },
        "gavyam_0823-0944": {
            "MPSNR": 37.50225252040823,
            "MSSIM": 0.9751672572874405,
            "SAM": 0.04241499677300453,
            "Time": 0.27
        },
        "nachal_0823-1222": {
            "MPSNR": 38.94547835255111,
            "MSSIM": 0.9767373700933683,
            "SAM": 0.060839053243398666,
            "Time": 0.271
        },
        "lehavim_0910-1610": {
            "MPSNR": 37.586008757744686,
            "MSSIM": 0.9687067611964751,
            "SAM": 0.06850239634513855,
            "Time": 0.27
        },
        "objects_0924-1623": {
            "MPSNR": 40.27165303028117,
            "MSSIM": 0.9895223209290509,
            "SAM": 0.05004681274294853,
            "Time": 0.27
        },
        "objects_0924-1650": {
            "MPSNR": 37.98633527578969,
            "MSSIM": 0.9780894784235283,
            "SAM": 0.06459483504295349,
            "Time": 0.27
        },
        "nachal_0823-1214": {
            "MPSNR": 36.810635638048325,
            "MSSIM": 0.9672905396328286,
            "SAM": 0.039640218019485474,
            "Time": 0.27
        },
        "Labtest_0910-1504": {
            "MPSNR": 43.88528435038121,
            "MSSIM": 0.9826171846346123,
            "SAM": 0.1417016088962555,
            "Time": 0.269
        },
        "objects_0924-1648": {
            "MPSNR": 38.596826588471835,
            "MSSIM": 0.9846847874294442,
            "SAM": 0.05602675676345825,
            "Time": 0.272
        },
        "rmt_0328-1249-1": {
            "MPSNR": 41.14210270088956,
            "MSSIM": 0.9770433103693916,
            "SAM": 0.11420852690935135,
            "Time": 0.271
        },
        "Labtest_0910-1509": {
            "MPSNR": 39.65997274928175,
            "MSSIM": 0.9684024125103285,
            "SAM": 0.10639377683401108,
            "Time": 0.271
        },
        "objects_0924-1611": {
            "MPSNR": 39.12746485840899,
            "MSSIM": 0.986918065381245,
            "SAM": 0.04216727614402771,
            "Time": 0.272
        },
        "nachal_0823-1127": {
            "MPSNR": 38.73988071021118,
            "MSSIM": 0.9794200825377585,
            "SAM": 0.044128503650426865,
            "Time": 0.271
        },
        "IDS_COLORCHECK_1020-1215-1": {
            "MPSNR": 42.58504829560926,
            "MSSIM": 0.988252379534139,
            "SAM": 0.06567518413066864,
            "Time": 0.272
        },
        "Labtest_0910-1513": {
            "MPSNR": 38.177158683282784,
            "MSSIM": 0.9763270402670899,
            "SAM": 0.0861215740442276,
            "Time": 0.27
        },
        "selfie_0822-0906": {
            "MPSNR": 37.71863487989793,
            "MSSIM": 0.9709998014336749,
            "SAM": 0.03541877120733261,
            "Time": 0.27
        },
        "nachal_0823-1118": {
            "MPSNR": 37.41309279171905,
            "MSSIM": 0.9680007756456832,
            "SAM": 0.0628419816493988,
            "Time": 0.271
        },
        "objects_0924-1617": {
            "MPSNR": 39.15563422828127,
            "MSSIM": 0.9871590875394808,
            "SAM": 0.04230034351348877,
            "Time": 0.27
        },
        "ulm_0328-1118": {
            "MPSNR": 38.99661276920764,
            "MSSIM": 0.9830944141951115,
            "SAM": 0.04548110440373421,
            "Time": 0.27
        },
        "Lehavim_0910-1716": {
            "MPSNR": 42.11464763201704,
            "MSSIM": 0.9780680424667078,
            "SAM": 0.10824820399284363,
            "Time": 0.27
        },
        "Lehavim_0910-1635": {
            "MPSNR": 33.945269925605025,
            "MSSIM": 0.9451339135826086,
            "SAM": 0.07750275731086731,
            "Time": 0.269
        },
        "objects_0924-1607": {
            "MPSNR": 39.02567497124128,
            "MSSIM": 0.9862252395942028,
            "SAM": 0.04476296901702881,
            "Time": 0.27
        },
        "objects_0924-1625": {
            "MPSNR": 37.957248151105524,
            "MSSIM": 0.9838536714229148,
            "SAM": 0.04872346669435501,
            "Time": 0.27
        },
        "nachal_0823-1144": {
            "MPSNR": 38.80323778625187,
            "MSSIM": 0.9767030656238026,
            "SAM": 0.04702112078666687,
            "Time": 0.271
        },
        "nachal_0823-1121": {
            "MPSNR": 37.320108281130295,
            "MSSIM": 0.9734200844328561,
            "SAM": 0.04927229881286621,
            "Time": 0.27
        },
        "gavyam_0823-0930": {
            "MPSNR": 36.95745091838134,
            "MSSIM": 0.9569256876000599,
            "SAM": 0.0962212085723877,
            "Time": 0.27
        },
        "objects_0924-1628": {
            "MPSNR": 40.73080049642966,
            "MSSIM": 0.9890790311299632,
            "SAM": 0.052946802228689194,
            "Time": 0.27
        },
        "rmt_0328-1241-1": {
            "MPSNR": 36.20876493942711,
            "MSSIM": 0.9684030463670388,
            "SAM": 0.03164713457226753,
            "Time": 0.269
        },
        "objects_0924-1641": {
            "MPSNR": 37.77695213669831,
            "MSSIM": 0.9818976381279254,
            "SAM": 0.061057835817337036,
            "Time": 0.27
        },
        "nachal_0823-1223": {
            "MPSNR": 38.637247381076335,
            "MSSIM": 0.9795791933773303,
            "SAM": 0.043955765664577484,
            "Time": 0.27
        },
        "objects_0924-1614": {
            "MPSNR": 39.236420501471216,
            "MSSIM": 0.9869682150533463,
            "SAM": 0.043182190507650375,
            "Time": 0.269
        },
        "nachal_0823-1047": {
            "MPSNR": 36.40887280314524,
            "MSSIM": 0.9722253526822653,
            "SAM": 0.03444667533040047,
            "Time": 0.272
        },
        "negev_0823-1003": {
            "MPSNR": 38.16328360080655,
            "MSSIM": 0.9734102217208408,
            "SAM": 0.029275083914399147,
            "Time": 0.271
        },
        "Lehavim_0910-1626": {
            "MPSNR": 36.31593115624097,
            "MSSIM": 0.9473074165120668,
            "SAM": 0.06347300112247467,
            "Time": 0.27
        },
        "nachal_0823-1149": {
            "MPSNR": 36.748473743334856,
            "MSSIM": 0.9616416223110474,
            "SAM": 0.10409480333328247,
            "Time": 0.269
        },
        "objects_0924-1602": {
            "MPSNR": 38.80441497987629,
            "MSSIM": 0.9855799090899199,
            "SAM": 0.04866541922092438,
            "Time": 0.27
        },
        "nachal_0823-1217": {
            "MPSNR": 38.058884222184574,
            "MSSIM": 0.9736601133960563,
            "SAM": 0.05116308107972145,
            "Time": 0.272
        },
        "CC_40D_2_1103-0917": {
            "MPSNR": 39.380754138126115,
            "MSSIM": 0.9866288479515577,
            "SAM": 0.03135832026600838,
            "Time": 0.27
        },
        "Master2900k": {
            "MPSNR": 48.080082222055424,