{
    "avg": {
        "MPSNR": 43.516050729125666,
        "MSSIM": 0.990594037571809,
        "SAM": 0.044552832953631875,
        "Time": 0.5223200000000001
    },
    "detail": {
        "gavyam_0823-0933": {
            "MPSNR": 41.80084709552398,
            "MSSIM": 0.9893715243623545,
            "SAM": 0.023189770057797432,
            "Time": 0.96
        },
        "objects_0924-1557": {
            "MPSNR": 43.31273172894938,
            "MSSIM": 0.9939452885184122,
            "SAM": 0.028905026614665985,
            "Time": 0.512
        },
        "lehavim_0910-1600": {
            "MPSNR": 44.048669349918484,
            "MSSIM": 0.9917748235237396,
            "SAM": 0.020889947190880775,
            "Time": 0.512
        },
        "Lehavim_0910-1717": {
            "MPSNR": 44.04086024373439,
            "MSSIM": 0.9907225646778995,
            "SAM": 0.05001445487141609,
            "Time": 0.513
        },
        "gavyam_0823-0944": {
            "MPSNR": 41.886022116229945,
            "MSSIM": 0.9902097749912281,
            "SAM": 0.028699086979031563,
            "Time": 0.512
        },
        "nachal_0823-1222": {
            "MPSNR": 43.37781096784106,
            "MSSIM": 0.9903312325799838,
            "SAM": 0.04064866900444031,
            "Time": 0.512
        },
        "lehavim_0910-1610": {
            "MPSNR": 41.83933411771144,
            "MSSIM": 0.9868153374562931,
            "SAM": 0.04671669006347656,
            "Time": 0.511
        },
        "objects_0924-1623": {
            "MPSNR": 44.544564064947814,
            "MSSIM": 0.9956571151879502,
            "SAM": 0.03394131362438202,
            "Time": 0.51
        },
        "objects_0924-1650": {
            "MPSNR": 41.5808392847151,
            "MSSIM": 0.9893229360719019,
            "SAM": 0.04838241636753082,
            "Time": 0.514
        },
        "nachal_0823-1214": {
            "MPSNR": 41.085590685171695,
            "MSSIM": 0.9855938425713973,
            "SAM": 0.026950668543577194,
            "Time": 0.512
        },
        "Labtest_0910-1504": {
            "MPSNR": 48.54221251547925,
            "MSSIM": 0.9942207683920812,
            "SAM": 0.08005932718515396,
            "Time": 0.514
        },
        "objects_0924-1648": {
            "MPSNR": 42.94694254391144,
            "MSSIM": 0.9934448561923004,
            "SAM": 0.03806626424193382,
            "Time": 0.513
        },
        "rmt_0328-1249-1": {
            "MPSNR": 45.49919764385568,
            "MSSIM": 0.9912792852505588,
            "SAM": 0.06984817236661911,
            "Time": 0.513
        },
        "Labtest_0910-1509": {
            "MPSNR": 43.64449995640298,
            "MSSIM": 0.9866083887842185,
            "SAM": 0.0759095624089241,
            "Time": 0.513
        },
        "objects_0924-1611": {
            "MPSNR": 43.58493765312959,
            "MSSIM": 0.9942831960313895,
            "SAM": 0.028767818585038185,
            "Time": 0.511
        },
        "nachal_0823-1127": {
            "MPSNR": 42.982634091783176,
            "MSSIM": 0.9901976901441455,
            "SAM": 0.028923217207193375,
            "Time": 0.512
        },
        "IDS_COLORCHECK_1020-1215-1": {
            "MPSNR": 47.5156548845864,
            "MSSIM": 0.9956970341104247,
            "SAM": 0.03756843879818916,
            "Time": 0.513
        },
        "Labtest_0910-1513": {
            "MPSNR": 42.8629476472922,
            "MSSIM": 0.9909045407739483,
            "SAM": 0.059887174516916275,
            "Time": 0.512
        },
        "selfie_0822-0906": {
            "MPSNR": 41.305146991767536,
            "MSSIM": 0.9854915103763997,
            "SAM": 0.02640383690595627,
            "Time": 0.513
        },
        "nachal_0823-1118": {
            "MPSNR": 41.68560855186123,
            "MSSIM": 0.9868295358990581,
            "SAM": 0.043138448148965836,
            "Time": 0.514
        },
        "objects_0924-1617": {
            "MPSNR": 43.57600426898857,
            "MSSIM": 0.9943591381560372,
            "SAM": 0.028759587556123734,
            "Time": 0.513
        },
        "ulm_0328-1118": {
            "MPSNR": 43.32914527108175,
            "MSSIM": 0.9927504549872246,
            "SAM": 0.03174076974391937,
            "Time": 0.513
        },
        "Lehavim_0910-1716": {
            "MPSNR": 46.379240189665865,
            "MSSIM": 0.9912210863544472,
            "SAM": 0.06780324876308441,
            "Time": 0.513
        },
        "Lehavim_0910-1635": {
            "MPSNR": 36.844329082088635,
            "MSSIM": 0.9684877407669363,
            "SAM": 0.06628452241420746,
            "Time": 0.513
        },
        "objects_0924-1607": {
            "MPSNR": 43.54253687971271,
            "MSSIM": 0.9941831616519587,
            "SAM": 0.030109740793704987,
            "Time": 0.513
        },
        "objects_0924-1625": {
            "MPSNR": 42.20203526621026,
            "MSSIM": 0.99294217042601,
            "SAM": 0.03355609253048897,
            "Time": 0.515
        },
        "nachal_0823-1144": {
            "MPSNR": 43.04387659378268,
            "MSSIM": 0.9901890478624219,
            "SAM": 0.03132515773177147,
            "Time": 0.514
        },
        "nachal_0823-1121": {
            "MPSNR": 41.70699285376869,
            "MSSIM": 0.9888889235745243,
            "SAM": 0.03296178579330444,
            "Time": 0.512
        },
        "gavyam_0823-0930": {
            "MPSNR": 41.06295391904092,
            "MSSIM": 0.9820314988844264,
            "SAM": 0.06916647404432297,
            "Time": 0.515
        },
        "objects_0924-1628": {
            "MPSNR": 44.90763997537853,
            "MSSIM": 0.9954351211292224,
            "SAM": 0.03552757576107979,
            "Time": 0.514
        },
        "rmt_0328-1241-1": {
            "MPSNR": 40.01703054536001,
            "MSSIM": 0.9850471983453334,
            "SAM": 0.02266513928771019,
            "Time": 0.515
        },
        "objects_0924-1641": {
            "MPSNR": 42.10454838435391,
            "MSSIM": 0.9924530870202157,
            "SAM": 0.040985994040966034,
            "Time": 0.515
        },
        "nachal_0823-1223": {
            "MPSNR": 43.12849516796247,
            "MSSIM": 0.9916815047571865,
            "SAM": 0.02912263572216034,
            "Time": 0.516
        },
        "objects_0924-1614": {
            "MPSNR": 43.74362465074149,
            "MSSIM": 0.994464394672005,
            "SAM": 0.02888510748744011,
            "Time": 0.516
        },
        "nachal_0823-1047": {
            "MPSNR": 40.96458464233455,
            "MSSIM": 0.9892020993866357,
            "SAM": 0.023359913378953934,
            "Time": 0.514
        },
        "negev_0823-1003": {
            "MPSNR": 42.1221642781315,
            "MSSIM": 0.9877476205012039,
            "SAM": 0.01991126500070095,
            "Time": 0.513
        },
        "Lehavim_0910-1626": {
            "MPSNR": 40.45767076856254,
            "MSSIM": 0.9793088880416032,
            "SAM": 0.036048151552677155,
            "Time": 0.513
        },
        "nachal_0823-1149": {
            "MPSNR": 40.880896370028815,
            "MSSIM": 0.9849350063465855,
            "SAM": 0.07290315628051758,
            "Time": 0.515
        },
        "objects_0924-1602": {
            "MPSNR": 43.166687302729436,
            "MSSIM": 0.99374261836823,
            "SAM": 0.033129479736089706,
            "Time": 0.514
        },
        "nachal_0823-1217": {
            "MPSNR": 42.408988524407384,
            "MSSIM": 0.9891079158554846,
            "SAM": 0.03459892049431801,
            "Time": 0.514
        },
        "CC_40D_2_1103-0917": {
            "MPSNR": 43.78114628115912,
            "MSSIM": 0.9940338693676826,
            "SAM": 0.020107027143239975,
            "Time": 0.513
        },
        "Master2900k": {
            "MPSNR": 52.350334552638444,