{
    "avg": {
        "MPSNR": 40.76121632731164,
        "MSSIM": 0.9838109926656347,
        "SAM": 0.058425011672079565,
        "Time": 0.27018
    },
    "detail": {
        "gavyam_0823-0933": {
            "MPSNR": 39.04071098567132,
            "MSSIM": 0.9818276802283636,
            "SAM": 0.029496965929865837,
            "Time": 0.275
        },
        "objects_0924-1557": {
            "MPSNR": 40.278906985814,
            "MSSIM": 0.9894417368619175,
            "SAM": 0.03707649186253548,
            "Time": 0.27
        },
        "lehavim_0910-1600": {
            "MPSNR": 41.32637358850475,
            "MSSIM": 0.9860838727929283,
            "SAM": 0.02780940942466259,
            "Time": 0.27
        },
        "Lehavim_0910-1717": {
            "MPSNR": 41.18558064888729,
            "MSSIM": 0.9825051237285707,
            "SAM": 0.06273193657398224,
            "Time": 0.27
        },
        "gavyam_0823-0944": {
            "MPSNR": 39.01931427569574,
            "MSSIM": 0.9820585607748176,
            "SAM": 0.03681226819753647,
            "Time": 0.27
        },
        "nachal_0823-1222": {
            "MPSNR": 40.62303078201702,
            "MSSIM": 0.9834995243345018,
            "SAM": 0.05170781537890434,
            "Time": 0.27
        },
        "lehavim_0910-1610": {
            "MPSNR": 39.14444356684887,
            "MSSIM": 0.9771948041734738,
            "SAM": 0.059470284730196,
            "Time": 0.268
        },
        "objects_0924-1623": {
            "MPSNR": 41.68196649744877,
            "MSSIM": 0.9922097079920348,
            "SAM": 0.0432577021420002,
            "Time": 0.27
        },
        "objects_0924-1650": {
            "MPSNR": 39.31139928436916,
            "MSSIM": 0.9832103055223478,
            "SAM": 0.057230278849601746,
            "Time": 0.271
        },
        "nachal_0823-1214": {
            "MPSNR": 38.387486863602156,
            "MSSIM": 0.9758050388090359,
            "SAM": 0.034833211451768875,
            "Time": 0.27
        },
        "Labtest_0910-1504": {
            "MPSNR": 45.49500193045514,
            "MSSIM": 0.988567285420817,
            "SAM": 0.11044316738843918,
            "Time": 0.271
        },
        "objects_0924-1648": {
            "MPSNR": 40.115862437961894,
            "MSSIM": 0.9885109255473927,
            "SAM": 0.049033768475055695,
            "Time": 0.271
        },
        "rmt_0328-1249-1": {
            "MPSNR": 42.78389956289225,
            "MSSIM": 0.9841469130331242,
            "SAM": 0.09297918528318405,
            "Time": 0.269
        },
        "Labtest_0910-1509": {
            "MPSNR": 41.12766952628595,
            "MSSIM": 0.9766833779072875,
            "SAM": 0.09548895061016083,
            "Time": 0.27
        },
        "objects_0924-1611": {
            "MPSNR": 40.576657344116434,
            "MSSIM": 0.9901388965706104,
            "SAM": 0.03650688752532005,
            "Time": 0.269
        },
        "nachal_0823-1127": {
            "MPSNR": 40.26266074231983,
            "MSSIM": 0.9845034715544985,
            "SAM": 0.03816238045692444,
            "Time": 0.269
        },
        "IDS_COLORCHECK_1020-1215-1": {
            "MPSNR": 44.32549013567973,
            "MSSIM": 0.9917141662185349,
            "SAM": 0.0537683367729187,
            "Time": 0.27
        },
        "Labtest_0910-1513": {
            "MPSNR": 39.78596695808696,
            "MSSIM": 0.9831020013814675,
            "SAM": 0.07406414300203323,
            "Time": 0.27
        },
        "selfie_0822-0906": {
            "MPSNR": 38.97192030348097,
            "MSSIM": 0.9776366794229511,
            "SAM": 0.031817931681871414,
            "Time": 0.272
        },
        "nachal_0823-1118": {
            "MPSNR": 38.98230022746897,
            "MSSIM": 0.9770546344175102,
            "SAM": 0.05509442836046219,
            "Time": 0.268
        },
        "objects_0924-1617": {
            "MPSNR": 40.68423697494135,
            "MSSIM": 0.9903345269085647,
            "SAM": 0.03636622801423073,
            "Time": 0.27
        },
        "ulm_0328-1118": {
            "MPSNR": 40.52097211160704,
            "MSSIM": 0.9875876402939361,
            "SAM": 0.03975462168455124,
            "Time": 0.27
        },
        "Lehavim_0910-1716": {
            "MPSNR": 43.69199084574222,
            "MSSIM": 0.984063857675551,
            "SAM": 0.08917918056249619,
            "Time": 0.27
        },
        "Lehavim_0910-1635": {
            "MPSNR": 35.115031902613595,
            "MSSIM": 0.9562608243940669,
            "SAM": 0.07362079620361328,
            "Time": 0.272
        },
        "objects_0924-1607": {
            "MPSNR": 40.53418220962931,
            "MSSIM": 0.9898622420767003,
            "SAM": 0.03850564733147621,
            "Time": 0.273
        },
        "objects_0924-1625": {
            "MPSNR": 39.437832326969016,
            "MSSIM": 0.9879749212478958,
            "SAM": 0.04189995676279068,
            "Time": 0.27
        },
        "nachal_0823-1144": {
            "MPSNR": 40.25338741533882,
            "MSSIM": 0.9827825026692223,
            "SAM": 0.04056492820382118,
            "Time": 0.27
        },
        "nachal_0823-1121": {
            "MPSNR": 38.90935140891011,
            "MSSIM": 0.9806425606131769,
            "SAM": 0.04289828613400459,
            "Time": 0.27
        },
        "gavyam_0823-0930": {
            "MPSNR": 38.43983543755443,
            "MSSIM": 0.9683563638447994,
            "SAM": 0.08504527807235718,
            "Time": 0.271
        },
        "objects_0924-1628": {
            "MPSNR": 42.16040601118145,
            "MSSIM": 0.9920092313956332,
            "SAM": 0.045222800225019455,
            "Time": 0.27
        },
        "rmt_0328-1241-1": {
            "MPSNR": 37.68641864326862,
            "MSSIM": 0.9763728101718449,
            "SAM": 0.0275527723133564,
            "Time": 0.27
        },
        "objects_0924-1641": {
            "MPSNR": 39.251829003614525,
            "MSSIM": 0.9865017261297365,
            "SAM": 0.053077634423971176,
            "Time": 0.27
        },
        "nachal_0823-1223": {
            "MPSNR": 40.23411994267853,
            "MSSIM": 0.9854055517351497,
            "SAM": 0.0375281497836113,
            "Time": 0.271
        },
        "objects_0924-1614": {
            "MPSNR": 40.81487965746461,
            "MSSIM": 0.9904727358199136,
            "SAM": 0.036755628883838654,
            "Time": 0.27
        },
        "nachal_0823-1047": {
            "MPSNR": 38.005270021839436,
            "MSSIM": 0.9801305986697703,
            "SAM": 0.030126189813017845,
            "Time": 0.27
        },
        "negev_0823-1003": {
            "MPSNR": 39.50751108610245,
            "MSSIM": 0.9795662860487786,
            "SAM": 0.02554178237915039,
            "Time": 0.271
        },
        "Lehavim_0910-1626": {
            "MPSNR": 37.69082979428325,
            "MSSIM": 0.961986000730143,
            "SAM": 0.05520438030362129,
            "Time": 0.268
        },
        "nachal_0823-1149": {
            "MPSNR": 38.1482320276385,
            "MSSIM": 0.9721865721445344,
            "SAM": 0.09173493832349777,
            "Time": 0.27
        },
        "objects_0924-1602": {
            "MPSNR": 40.31750698257651,
            "MSSIM": 0.989344377493556,
            "SAM": 0.04261862114071846,
            "Time": 0.27
        },
        "nachal_0823-1217": {
            "MPSNR": 39.61884956066288,
            "MSSIM": 0.9810186003519789,
            "SAM": 0.043960701674222946,
            "Time": 0.27
        },
        "CC_40D_2_1103-0917": {
            "MPSNR": 40.9700198114744,
            "MSSIM": 0.9902435213619065,
            "SAM": 0.026773948222398758,
            "Time": 0.268
        },
        "Master2900k": {
            "MPSNR": 49.9884371053596,
            "MSSIM": 0.9933252494109429,