{
    "avg": {
        "MPSNR": 39.6154003630331,
        "MSSIM": 0.9790528621170054,
        "SAM": 0.06275164231657981,
        "Time": 0.41036000000000006
    },
    "detail": {
        "gavyam_0823-0933": {
            "MPSNR": 37.72320754183783,
            "MSSIM": 0.9762002432331441,
            "SAM": 0.03299061954021454,
            "Time": 0.414
        },
        "objects_0924-1557": {
            "MPSNR": 39.213224300915975,
            "MSSIM": 0.9868604993942734,
            "SAM": 0.0421665720641613,
            "Time": 0.411
        },
        "lehavim_0910-1600": {
            "MPSNR": 40.25414602338517,
            "MSSIM": 0.9822408388171932,
            "SAM": 0.028540965169668198,
            "Time": 0.414
        },
        "Lehavim_0910-1717": {
            "MPSNR": 39.841276709418764,
            "MSSIM": 0.9762563887675982,
            "SAM": 0.06419480592012405,
            "Time": 0.409
        },
        "gavyam_0823-0944": {
            "MPSNR": 37.7636800682157,
            "MSSIM": 0.9762464550035704,
            "SAM": 0.040844958275556564,
            "Time": 0.41
        },
        "nachal_0823-1222": {
            "MPSNR": 39.31970281279612,
            "MSSIM": 0.977593303721476,
            "SAM": 0.05645821988582611,
            "Time": 0.409
        },
        "lehavim_0910-1610": {
            "MPSNR": 37.936019757623534,
            "MSSIM": 0.9702015099573637,
            "SAM": 0.06241907924413681,
            "Time": 0.41
        },
        "objects_0924-1623": {
            "MPSNR": 40.65745819904223,
            "MSSIM": 0.9904493320235236,
            "SAM": 0.04803045466542244,
            "Time": 0.41
        },
        "objects_0924-1650": {
            "MPSNR": 38.19217811020025,
            "MSSIM": 0.9789906167560044,
            "SAM": 0.06344996392726898,
            "Time": 0.409
        },
        "nachal_0823-1214": {
            "MPSNR": 37.21130928858578,
            "MSSIM": 0.9687595042194942,
            "SAM": 0.035161152482032776,
            "Time": 0.412
        },
        "Labtest_0910-1504": {
            "MPSNR": 44.612121031268295,
            "MSSIM": 0.9849717628204822,
            "SAM": 0.1161883994936943,
            "Time": 0.41
        },
        "objects_0924-1648": {
            "MPSNR": 38.891403420112056,
            "MSSIM": 0.9857324201144607,
            "SAM": 0.05402234196662903,
            "Time": 0.411
        },
        "rmt_0328-1249-1": {
            "MPSNR": 41.66568195613437,
            "MSSIM": 0.9798062817965798,
            "SAM": 0.09806492924690247,
            "Time": 0.408
        },
        "Labtest_0910-1509": {
            "MPSNR": 40.034067520177906,
            "MSSIM": 0.9700134583189675,
            "SAM": 0.1002996563911438,
            "Time": 0.409
        },
        "objects_0924-1611": {
            "MPSNR": 39.62013431794201,
            "MSSIM": 0.9879040325743778,
            "SAM": 0.04047027975320816,
            "Time": 0.41
        },
        "nachal_0823-1127": {
            "MPSNR": 39.13859087718712,
            "MSSIM": 0.9803459123553365,
            "SAM": 0.0402272567152977,
            "Time": 0.411
        },
        "IDS_COLORCHECK_1020-1215-1": {
            "MPSNR": 42.99485034293985,
            "MSSIM": 0.9890040418787545,
            "SAM": 0.05880092829465866,
            "Time": 0.408
        },
        "Labtest_0910-1513": {
            "MPSNR": 38.728275019813886,
            "MSSIM": 0.9778544010353843,
            "SAM": 0.0779535248875618,
            "Time": 0.412
        },
        "selfie_0822-0906": {
            "MPSNR": 37.73031177152833,
            "MSSIM": 0.9709524822299818,
            "SAM": 0.03601884841918945,
            "Time": 0.41
        },
        "nachal_0823-1118": {
            "MPSNR": 37.788807582223086,
            "MSSIM": 0.9697836125842821,
            "SAM": 0.05706457793712616,
            "Time": 0.414
        },
        "objects_0924-1617": {
            "MPSNR": 39.58310682950118,
            "MSSIM": 0.988098941572842,
            "SAM": 0.04087695851922035,
            "Time": 0.409
        },
        "ulm_0328-1118": {
            "MPSNR": 39.24573931432823,
            "MSSIM": 0.983887278288134,
            "SAM": 0.04340972751379013,
            "Time": 0.413
        },
        "Lehavim_0910-1716": {
            "MPSNR": 42.535419437182355,
            "MSSIM": 0.9792702252464975,
            "SAM": 0.09265550971031189,
            "Time": 0.409
        },
        "Lehavim_0910-1635": {
            "MPSNR": 33.93306375605035,
            "MSSIM": 0.944942214854812,
            "SAM": 0.07703868299722672,
            "Time": 0.411
        },
        "objects_0924-1607": {
            "MPSNR": 39.43877158024518,
            "MSSIM": 0.9871123363399589,
            "SAM": 0.04297179728746414,
            "Time": 0.41
        },
        "objects_0924-1625": {
            "MPSNR": 38.32158436281636,
            "MSSIM": 0.9849356384731041,
            "SAM": 0.04711445793509483,
            "Time": 0.411
        },
        "nachal_0823-1144": {
            "MPSNR": 39.09957111481268,
            "MSSIM": 0.9772361186922431,
            "SAM": 0.04151495173573494,
            "Time": 0.409
        },
        "nachal_0823-1121": {
            "MPSNR": 37.729827854367514,
            "MSSIM": 0.9750229390698022,
            "SAM": 0.04489738494157791,
            "Time": 0.409
        },
        "gavyam_0823-0930": {
            "MPSNR": 37.31950253899668,
            "MSSIM": 0.9598313537840638,
            "SAM": 0.09358718991279602,
            "Time": 0.408
        },
        "objects_0924-1628": {
            "MPSNR": 41.01212031843682,
            "MSSIM": 0.9897723206773348,
            "SAM": 0.0515483021736145,
            "Time": 0.409
        },
        "rmt_0328-1241-1": {
            "MPSNR": 36.21309347483589,
            "MSSIM": 0.9688089008727484,
            "SAM": 0.031846966594457626,
            "Time": 0.411
        },
        "objects_0924-1641": {
            "MPSNR": 37.99739774699456,
            "MSSIM": 0.9828511991539024,
            "SAM": 0.059586066752672195,
            "Time": 0.409
        },
        "nachal_0823-1223": {
            "MPSNR": 38.9916879558275,
            "MSSIM": 0.9804137702596374,
            "SAM": 0.04072381183505058,
            "Time": 0.413
        },
        "objects_0924-1614": {
            "MPSNR": 39.71326872721874,
            "MSSIM": 0.987949087385783,
            "SAM": 0.041476622223854065,
            "Time": 0.412
        },
        "nachal_0823-1047": {
            "MPSNR": 36.77601185997724,
            "MSSIM": 0.9735893383225326,
            "SAM": 0.03194046393036842,
            "Time": 0.412
        },
        "negev_0823-1003": {
            "MPSNR": 38.32573999342852,
            "MSSIM": 0.973894276418922,
            "SAM": 0.028074247762560844,
            "Time": 0.412
        },
        "Lehavim_0910-1626": {
            "MPSNR": 36.468489292811434,
            "MSSIM": 0.9479003799618901,
            "SAM": 0.05175042524933815,
            "Time": 0.409
        },
        "nachal_0823-1149": {
            "MPSNR": 37.11042010189977,
            "MSSIM": 0.962697517185124,
            "SAM": 0.09192278981208801,
            "Time": 0.412
        },
        "objects_0924-1602": {
            "MPSNR": 39.104209690040804,
            "MSSIM": 0.9862175940404029,
            "SAM": 0.04755333065986633,
            "Time": 0.412
        },
        "nachal_0823-1217": {
            "MPSNR": 38.36337260033564,
            "MSSIM": 0.9743688719219652,
            "SAM": 0.047419797629117966,
            "Time": 0.41
        },
        "CC_40D_2_1103-0917": {
            "MPSNR": 39.794774536468445,
            "MSSIM": 0.9874816764234818,
            "SAM": 0.029588760808110237,
            "Time": 0.412
        },
        "Master2900k": {
            "MPSNR": 49.314003723587035,