{
    "avg": {
        "MPSNR": 43.27875750490066,
        "MSSIM": 0.9902035373754703,
        "SAM": 0.04567447591573,
        "Time": 0.4187000000000001
    },
    "detail": {
        "gavyam_0823-0933": {
            "MPSNR": 41.584200154527515,
            "MSSIM": 0.9890005981095374,
            "SAM": 0.02393266186118126,
            "Time": 0.855
        },
        "objects_0924-1557": {
            "MPSNR": 42.96945655605063,
            "MSSIM": 0.9936177322056898,
            "SAM": 0.029323404654860497,
            "Time": 0.408
        },
        "lehavim_0910-1600": {
            "MPSNR": 43.945296718324926,
            "MSSIM": 0.9916351549808196,
            "SAM": 0.021440163254737854,
            "Time": 0.408
        },
        "Lehavim_0910-1717": {
            "MPSNR": 44.00880337102081,
            "MSSIM": 0.9905668611553802,
            "SAM": 0.050073981285095215,
            "Time": 0.406
        },
        "gavyam_0823-0944": {
            "MPSNR": 41.567015094709475,
            "MSSIM": 0.9895749897297368,
            "SAM": 0.03004181757569313,
            "Time": 0.41
        },
        "nachal_0823-1222": {
            "MPSNR": 43.23082519681301,
            "MSSIM": 0.9901450978491123,
            "SAM": 0.04060474410653114,
            "Time": 0.41
        },
        "lehavim_0910-1610": {
            "MPSNR": 41.748239225541134,
            "MSSIM": 0.9866812029070073,
            "SAM": 0.04753420874476433,
            "Time": 0.408
        },
        "objects_0924-1623": {
            "MPSNR": 44.282159063075326,
            "MSSIM": 0.9953273203637931,
            "SAM": 0.03467167541384697,
            "Time": 0.408
        },
        "objects_0924-1650": {
            "MPSNR": 41.37911317602053,
            "MSSIM": 0.9890481357254922,
            "SAM": 0.048450980335474014,
            "Time": 0.41
        },
        "nachal_0823-1214": {
            "MPSNR": 40.9432878592503,
            "MSSIM": 0.9856940025028763,
            "SAM": 0.02741037867963314,
            "Time": 0.411
        },
        "Labtest_0910-1504": {
            "MPSNR": 48.4067911139422,
            "MSSIM": 0.9941237758530533,
            "SAM": 0.07977394759654999,
            "Time": 0.407
        },
        "objects_0924-1648": {
            "MPSNR": 42.406148296759376,
            "MSSIM": 0.9927416975642872,
            "SAM": 0.03954838588833809,
            "Time": 0.411
        },
        "rmt_0328-1249-1": {
            "MPSNR": 45.3707251884209,
            "MSSIM": 0.9914032289191422,
            "SAM": 0.06678924709558487,
            "Time": 0.41
        },
        "Labtest_0910-1509": {
            "MPSNR": 43.45091459954518,
            "MSSIM": 0.9860033118091114,
            "SAM": 0.07806769013404846,
            "Time": 0.411
        },
        "objects_0924-1611": {
            "MPSNR": 43.200569040416816,
            "MSSIM": 0.9938966205563834,
            "SAM": 0.02943849191069603,
            "Time": 0.407
        },
        "nachal_0823-1127": {
            "MPSNR": 42.72696758483989,
            "MSSIM": 0.9900117403252219,
            "SAM": 0.02953171543776989,
            "Time": 0.41
        },
        "IDS_COLORCHECK_1020-1215-1": {
            "MPSNR": 47.1449819997277,
            "MSSIM": 0.9953509614569613,
            "SAM": 0.03999032452702522,
            "Time": 0.411
        },
        "Labtest_0910-1513": {
            "MPSNR": 42.69348662844667,
            "MSSIM": 0.9906101668668932,
            "SAM": 0.06061312556266785,
            "Time": 0.41
        },
        "selfie_0822-0906": {
            "MPSNR": 40.91512662535919,
            "MSSIM": 0.9848419707198629,
            "SAM": 0.027178378775715828,
            "Time": 0.408
        },
        "nachal_0823-1118": {
            "MPSNR": 41.61067234431531,
            "MSSIM": 0.9869488761890974,
            "SAM": 0.043244846165180206,
            "Time": 0.409
        },
        "objects_0924-1617": {
            "MPSNR": 43.228210540619955,
            "MSSIM": 0.993986202899634,
            "SAM": 0.029362639412283897,
            "Time": 0.412
        },
        "ulm_0328-1118": {
            "MPSNR": 42.97782315753869,
            "MSSIM": 0.9924654300911896,
            "SAM": 0.03258083388209343,
            "Time": 0.408
        },
        "Lehavim_0910-1716": {
            "MPSNR": 46.41638138001117,
            "MSSIM": 0.991101365909354,
            "SAM": 0.0669965073466301,
            "Time": 0.409
        },
        "Lehavim_0910-1635": {
            "MPSNR": 36.64259459112124,
            "MSSIM": 0.9672898548822232,
            "SAM": 0.06816665083169937,
            "Time": 0.411
        },
        "objects_0924-1607": {
            "MPSNR": 43.174283895018874,
            "MSSIM": 0.9938036422548006,
            "SAM": 0.030790213495492935,
            "Time": 0.408
        },
        "objects_0924-1625": {
            "MPSNR": 41.88277786678479,
            "MSSIM": 0.9925083312113706,
            "SAM": 0.03414510190486908,
            "Time": 0.409
        },
        "nachal_0823-1144": {
            "MPSNR": 42.79517003728895,
            "MSSIM": 0.9898723748130015,
            "SAM": 0.032881274819374084,
            "Time": 0.411
        },
        "nachal_0823-1121": {
            "MPSNR": 41.51448756778531,
            "MSSIM": 0.9887219338868009,
            "SAM": 0.03361135721206665,
            "Time": 0.411
        },
        "gavyam_0823-0930": {
            "MPSNR": 40.89676445909042,
            "MSSIM": 0.9814534775512872,
            "SAM": 0.07084570825099945,
            "Time": 0.412
        },
        "objects_0924-1628": {
            "MPSNR": 44.717854759217325,
            "MSSIM": 0.9951459710459339,
            "SAM": 0.03610950708389282,
            "Time": 0.411
        },
        "rmt_0328-1241-1": {
            "MPSNR": 39.58409963276647,
            "MSSIM": 0.984120926261597,
            "SAM": 0.023736009374260902,
            "Time": 0.409
        },
        "objects_0924-1641": {
            "MPSNR": 41.63849302320746,
            "MSSIM": 0.991649100258099,
            "SAM": 0.042650725692510605,
            "Time": 0.408
        },
        "nachal_0823-1223": {
            "MPSNR": 42.92479442764322,
            "MSSIM": 0.9914137910327682,
            "SAM": 0.029745442792773247,
            "Time": 0.409
        },
        "objects_0924-1614": {
            "MPSNR": 43.339681901881,
            "MSSIM": 0.9940627547391733,
            "SAM": 0.029599681496620178,
            "Time": 0.41
        },
        "nachal_0823-1047": {
            "MPSNR": 40.73051135589203,
            "MSSIM": 0.988811197665972,
            "SAM": 0.024383723735809326,
            "Time": 0.411
        },
        "negev_0823-1003": {
            "MPSNR": 41.88716098286706,
            "MSSIM": 0.9874083652720713,
            "SAM": 0.02085970528423786,
            "Time": 0.413
        },
        "Lehavim_0910-1626": {
            "MPSNR": 40.21741504026015,
            "MSSIM": 0.9781938028607453,
            "SAM": 0.03637711703777313,
            "Time": 0.41
        },
        "nachal_0823-1149": {
            "MPSNR": 40.64537396988975,
            "MSSIM": 0.9837884967516699,
            "SAM": 0.07126535475254059,
            "Time": 0.41
        },
        "objects_0924-1602": {
            "MPSNR": 42.739209533842576,
            "MSSIM": 0.9932176797253041,
            "SAM": 0.034483831375837326,
            "Time": 0.41
        },
        "nachal_0823-1217": {
            "MPSNR": 42.21480600888858,
            "MSSIM": 0.9887858136875335,
            "SAM": 0.03469635173678398,
            "Time": 0.411
        },
        "CC_40D_2_1103-0917": {
            "MPSNR": 43.36117808119028,
            "MSSIM": 0.9936383444050082,
            "SAM": 0.021437324583530426,
            "Time": 0.41
        },
        "Master2900k": {
            "MPSNR": 52.67492577682277,