{
    "avg": {
        "MPSNR": 39.71508058176758,
        "MSSIM": 0.9759387356734266,
        "SAM": 0.09276364692578129,
        "Time": 0.41054901960784335
    },
    "detail": {
        "nachal_0823-1147": {
            "MPSNR": 40.03284681212659,
            "MSSIM": 0.9859014518543541,
            "SAM": 0.03581615537405014,
            "Time": 0.418
        },
        "objects_0924-1600": {
            "MPSNR": 37.35901698474664,
            "MSSIM": 0.9695320935261131,
            "SAM": 0.10362883657217026,
            "Time": 0.411
        },
        "objects_0924-1601": {
            "MPSNR": 38.86721427595491,
            "MSSIM": 0.9854981012443306,
            "SAM": 0.06056467071175575,
            "Time": 0.409
        },
        "Labtest_0910-1510": {
            "MPSNR": 41.170254712274684,
            "MSSIM": 0.960644308682801,
            "SAM": 0.18619675934314728,
            "Time": 0.41
        },
        "Lehavim_0910-1725": {
            "MPSNR": 38.85414693683659,
            "MSSIM": 0.9657985916970867,
            "SAM": 0.1502651572227478,
            "Time": 0.41
        },
        "lehavim_0910-1605": {
            "MPSNR": 38.67582939800709,
            "MSSIM": 0.9799100822324663,
            "SAM": 0.09903156012296677,
            "Time": 0.411
        },
        "objects_0924-1556": {
            "MPSNR": 38.93730621525983,
            "MSSIM": 0.9657219374387733,
            "SAM": 0.12241434305906296,
            "Time": 0.409
        },
        "gavyam_0823-0945": {
            "MPSNR": 38.10067672813647,
            "MSSIM": 0.9707807690449168,
            "SAM": 0.10608243942260742,
            "Time": 0.407
        },
        "objects_0924-1620": {
            "MPSNR": 41.4661904927288,
            "MSSIM": 0.9927720916608308,
            "SAM": 0.03707605227828026,
            "Time": 0.412
        },
        "objects_0924-1619": {
            "MPSNR": 39.966541841662135,
            "MSSIM": 0.98797488736775,
            "SAM": 0.06860151141881943,
            "Time": 0.409
        },
        "IDS_COLORCHECK_1020-1223": {
            "MPSNR": 38.19677014305625,
            "MSSIM": 0.986409982038798,
            "SAM": 0.03526253625750542,
            "Time": 0.409
        },
        "Labtest_0910-1502": {
            "MPSNR": 37.40883745057015,
            "MSSIM": 0.9462021363398857,
            "SAM": 0.20882679522037506,
            "Time": 0.41
        },
        "objects_0924-1634": {
            "MPSNR": 40.13584421111658,
            "MSSIM": 0.9889433121919946,
            "SAM": 0.027136459946632385,
            "Time": 0.412
        },
        "lehavim_0910-1607": {
            "MPSNR": 37.17487741310487,
            "MSSIM": 0.9208771140866574,
            "SAM": 0.27240878343582153,
            "Time": 0.41
        },
        "Lehavim_0910-1622": {
            "MPSNR": 41.49342032559914,
            "MSSIM": 0.9748238301924086,
            "SAM": 0.09479031711816788,
            "Time": 0.411
        },
        "tree_0822-0853": {
            "MPSNR": 38.79309852161577,
            "MSSIM": 0.9766407165826059,
            "SAM": 0.049587663263082504,
            "Time": 0.41
        },
        "objects_0924-1605": {
            "MPSNR": 40.962397580161166,
            "MSSIM": 0.9908698937338994,
            "SAM": 0.04322555661201477,
            "Time": 0.41
        },
        "gavyam_0823-0950-1": {
            "MPSNR": 38.90193849665745,
            "MSSIM": 0.9763245078793841,
            "SAM": 0.0604175329208374,
            "Time": 0.412
        },
        "objects_0924-1639": {
            "MPSNR": 39.09065962037183,
            "MSSIM": 0.9835562296649961,
            "SAM": 0.07726460695266724,
            "Time": 0.411
        },
        "objects_0924-1558": {
            "MPSNR": 41.43217002650887,
            "MSSIM": 0.9902142862487269,
            "SAM": 0.0603119321167469,
            "Time": 0.411
        },
        "objects_0924-1612": {
            "MPSNR": 41.27092627095392,
            "MSSIM": 0.9918468322863014,
            "SAM": 0.0459958091378212,
            "Time": 0.412
        },
        "objects_0924-1624": {
            "MPSNR": 41.143334502851985,
            "MSSIM": 0.9919236652919203,
            "SAM": 0.04549310356378555,
            "Time": 0.41
        },
        "Lehavim_0910-1633": {
            "MPSNR": 40.402677543756354,
            "MSSIM": 0.9284334567161596,
            "SAM": 0.31185635924339294,
            "Time": 0.411
        },
        "bulb_0822-0903": {
            "MPSNR": 41.02264757219232,
            "MSSIM": 0.976433812309373,
            "SAM": 0.10013281553983688,
            "Time": 0.411
        },
        "Lehavim_0910-1718": {
            "MPSNR": 39.99168418461871,
            "MSSIM": 0.9340319269015149,
            "SAM": 0.2867438495159149,
            "Time": 0.413
        },
        "objects_0924-1633": {
            "MPSNR": 40.598168087977506,
            "MSSIM": 0.9901607101457459,
            "SAM": 0.04772202670574188,
            "Time": 0.412
        },
        "nachal_0823-1210-4": {
            "MPSNR": 40.041470608121834,
            "MSSIM": 0.9859306382134272,
            "SAM": 0.04914012923836708,
            "Time": 0.409
        },
        "nachal_0823-1145": {
            "MPSNR": 38.02349343484367,
            "MSSIM": 0.9872881092297566,
            "SAM": 0.029746588319540024,
            "Time": 0.413
        },
        "nachal_0823-1220": {
            "MPSNR": 39.08752347398253,
            "MSSIM": 0.9640690729518586,
            "SAM": 0.1171402707695961,
            "Time": 0.412
        },
        "nachal_0823-1152": {
            "MPSNR": 41.24913592673555,
            "MSSIM": 0.9867338043268847,
            "SAM": 0.04534627124667168,
            "Time": 0.409
        },
        "objects_0924-1610": {
            "MPSNR": 42.10256078802092,
            "MSSIM": 0.9883369370920141,
            "SAM": 0.09684760868549347,
            "Time": 0.409
        },
        "nachal_0823-1213": {
            "MPSNR": 39.9728470312291,
            "MSSIM": 0.983625592484593,
            "SAM": 0.06345910578966141,
            "Time": 0.408
        },
        "objects_0924-1631": {
            "MPSNR": 39.180759422556484,
            "MSSIM": 0.9898594714172095,
            "SAM": 0.05268299952149391,
            "Time": 0.411
        },
        "negev_0823-1005": {
            "MPSNR": 37.58772047803422,
            "MSSIM": 0.9785172244605298,
            "SAM": 0.026068035513162613,
            "Time": 0.41
        },
        "Lehavim_0910-1640": {
            "MPSNR": 40.67688157854507,
            "MSSIM": 0.9809684297039376,
            "SAM": 0.07649048417806625,
            "Time": 0.41
        },
        "Labtest_0910-1506": {
            "MPSNR": 39.8696955298286,
            "MSSIM": 0.9771194150525524,
            "SAM": 0.11471839249134064,
            "Time": 0.409
        },
        "objects_0924-1652": {
            "MPSNR": 39.774852326346924,
            "MSSIM": 0.9838577349673023,
            "SAM": 0.05599188432097435,
            "Time": 0.412
        },
        "Lehavim_0910-1629": {
            "MPSNR": 38.321197916067675,
            "MSSIM": 0.9428501977255146,
            "SAM": 0.21293722093105316,
            "Time": 0.411
        },
        "Lehavim_0910-1708": {
            "MPSNR": 40.56455908122324,
            "MSSIM": 0.983722986027139,
            "SAM": 0.05139360576868057,
            "Time": 0.41
        },
        "objects_0924-1629": {
            "MPSNR": 40.51363510736745,
            "MSSIM": 0.9889352587195203,
            "SAM": 0.0530904158949852,
            "Time": 0.411
        },
        "Lehavim_0910-1627": {
            "MPSNR": 36.80326263485176,
            "MSSIM": 0.9187877602631537,
            "SAM": 0.19365938007831573,
            "Time": 0.411
        },
        "objects_0924-1622": {
            "MPSNR": 40.72878505121836,