{
    "avg": {
        "MPSNR": 42.55075014782654,
        "MSSIM": 0.9876181334245375,
        "SAM": 0.04880911003798247,
        "Time": 0.41015999999999997
    },
    "detail": {
        "gavyam_0823-0933": {
            "MPSNR": 38.12681596059798,
            "MSSIM": 0.9777948754452106,
            "SAM": 0.0313553512096405,
            "Time": 0.412
        },
        "objects_0924-1557": {
            "MPSNR": 41.67810638166972,
            "MSSIM": 0.9917799999546811,
            "SAM": 0.03266742080450058,
            "Time": 0.409
        },
        "lehavim_0910-1600": {
            "MPSNR": 41.76860668435861,
            "MSSIM": 0.9868588371996189,
            "SAM": 0.025227012112736702,
            "Time": 0.412
        },
        "Lehavim_0910-1717": {
            "MPSNR": 44.33009771758301,
            "MSSIM": 0.9912909077193658,
            "SAM": 0.04957888647913933,
            "Time": 0.412
        },
        "gavyam_0823-0944": {
            "MPSNR": 38.35640851837971,
            "MSSIM": 0.9791438973755194,
            "SAM": 0.03809547796845436,
            "Time": 0.412
        },
        "nachal_0823-1222": {
            "MPSNR": 42.98217474308028,
            "MSSIM": 0.9896179521676698,
            "SAM": 0.04169679433107376,
            "Time": 0.408
        },
        "lehavim_0910-1610": {
            "MPSNR": 38.801104940703596,
            "MSSIM": 0.9750526595271014,
            "SAM": 0.05819888040423393,
            "Time": 0.412
        },
        "objects_0924-1623": {
            "MPSNR": 42.32033856654971,
            "MSSIM": 0.9932163714251606,
            "SAM": 0.04054715856909752,
            "Time": 0.409
        },
        "objects_0924-1650": {
            "MPSNR": 40.27629960649007,
            "MSSIM": 0.9862178116871082,
            "SAM": 0.05333932489156723,
            "Time": 0.412
        },
        "nachal_0823-1214": {
            "MPSNR": 39.888936530196354,
            "MSSIM": 0.9819898950678269,
            "SAM": 0.029144972562789917,
            "Time": 0.412
        },
        "Labtest_0910-1504": {
            "MPSNR": 45.43344766077226,
            "MSSIM": 0.9880657842473043,
            "SAM": 0.1020144447684288,
            "Time": 0.41
        },
        "objects_0924-1648": {
            "MPSNR": 45.09998854047401,
            "MSSIM": 0.9956562093109863,
            "SAM": 0.03159870207309723,
            "Time": 0.408
        },
        "rmt_0328-1249-1": {
            "MPSNR": 43.422985748156044,
            "MSSIM": 0.9863885726423485,
            "SAM": 0.07874443382024765,
            "Time": 0.412
        },
        "Labtest_0910-1509": {
            "MPSNR": 40.367968818032374,
            "MSSIM": 0.9719658070632999,
            "SAM": 0.09801710397005081,
            "Time": 0.409
        },
        "objects_0924-1611": {
            "MPSNR": 40.4643975476627,
            "MSSIM": 0.989745431575685,
            "SAM": 0.036825042217969894,
            "Time": 0.406
        },
        "nachal_0823-1127": {
            "MPSNR": 43.06638938948337,
            "MSSIM": 0.990640032536445,
            "SAM": 0.02898118831217289,
            "Time": 0.41
        },
        "IDS_COLORCHECK_1020-1215-1": {
            "MPSNR": 45.745144262821,
            "MSSIM": 0.9937331075997476,
            "SAM": 0.045247167348861694,
            "Time": 0.409
        },
        "Labtest_0910-1513": {
            "MPSNR": 41.681769102650904,
            "MSSIM": 0.9882307058011338,
            "SAM": 0.06370988488197327,
            "Time": 0.411
        },
        "selfie_0822-0906": {
            "MPSNR": 41.02891209836033,
            "MSSIM": 0.985153992483874,
            "SAM": 0.02704646810889244,
            "Time": 0.407
        },
        "nachal_0823-1118": {
            "MPSNR": 45.42787355838032,
            "MSSIM": 0.9945462043747807,
            "SAM": 0.03416336700320244,
            "Time": 0.411
        },
        "objects_0924-1617": {
            "MPSNR": 44.31913847378126,
            "MSSIM": 0.9951318052340984,
            "SAM": 0.027018621563911438,
            "Time": 0.408
        },
        "ulm_0328-1118": {
            "MPSNR": 40.61645021791927,
            "MSSIM": 0.9878703448817556,
            "SAM": 0.039240144193172455,
            "Time": 0.407
        },
        "Lehavim_0910-1716": {
            "MPSNR": 43.1357973016614,
            "MSSIM": 0.9814314101330741,
            "SAM": 0.0845738872885704,
            "Time": 0.409
        },
        "Lehavim_0910-1635": {
            "MPSNR": 37.87241833978148,
            "MSSIM": 0.9741068264699525,
            "SAM": 0.06421241909265518,
            "Time": 0.411
        },
        "objects_0924-1607": {
            "MPSNR": 46.51272220463855,
            "MSSIM": 0.9968266981012329,
            "SAM": 0.02390279248356819,
            "Time": 0.409
        },
        "objects_0924-1625": {
            "MPSNR": 42.84629146655637,
            "MSSIM": 0.9937916889065596,
            "SAM": 0.03143303096294403,
            "Time": 0.411
        },
        "nachal_0823-1144": {
            "MPSNR": 42.55243080851435,
            "MSSIM": 0.9892952994853647,
            "SAM": 0.03403446823358536,
            "Time": 0.413
        },
        "nachal_0823-1121": {
            "MPSNR": 40.55244657600297,
            "MSSIM": 0.9861296594567374,
            "SAM": 0.03598388284444809,
            "Time": 0.41
        },
        "gavyam_0823-0930": {
            "MPSNR": 42.45482629503216,
            "MSSIM": 0.9869815021236905,
            "SAM": 0.06319792568683624,
            "Time": 0.41
        },
        "objects_0924-1628": {
            "MPSNR": 43.472048535794876,
            "MSSIM": 0.9937704855686915,
            "SAM": 0.04018276929855347,
            "Time": 0.408
        },
        "rmt_0328-1241-1": {
            "MPSNR": 38.307711223448415,
            "MSSIM": 0.9794614616506095,
            "SAM": 0.026356637477874756,
            "Time": 0.409
        },
        "objects_0924-1641": {
            "MPSNR": 42.09897255264218,
            "MSSIM": 0.9923222721518943,
            "SAM": 0.040783315896987915,
            "Time": 0.41
        },
        "nachal_0823-1223": {
            "MPSNR": 46.73601904933149,
            "MSSIM": 0.9963384021673246,
            "SAM": 0.0231243297457695,
            "Time": 0.411
        },
        "objects_0924-1614": {
            "MPSNR": 41.988813790679465,
            "MSSIM": 0.9922610706023568,
            "SAM": 0.03302773833274841,
            "Time": 0.415
        },
        "nachal_0823-1047": {
            "MPSNR": 39.40835788702131,
            "MSSIM": 0.9850301481949146,
            "SAM": 0.026325806975364685,
            "Time": 0.412
        },
        "negev_0823-1003": {
            "MPSNR": 40.81609435939008,
            "MSSIM": 0.9840963606892751,
            "SAM": 0.02272144705057144,
            "Time": 0.411
        },
        "Lehavim_0910-1626": {
            "MPSNR": 36.98882849164304,
            "MSSIM": 0.9537509370171071,
            "SAM": 0.0471537709236145,
            "Time": 0.413
        },
        "nachal_0823-1149": {
            "MPSNR": 40.412414990792676,
            "MSSIM": 0.9829279001954783,
            "SAM": 0.07183597981929779,
            "Time": 0.41
        },
        "objects_0924-1602": {
            "MPSNR": 44.18169121364314,
            "MSSIM": 0.9949427108696832,
            "SAM": 0.030470535159111023,
            "Time": 0.408
        },
        "nachal_0823-1217": {
            "MPSNR": 40.32294025623893,
            "MSSIM": 0.9828952541815781,
            "SAM": 0.04040423408150673,
            "Time": 0.413
        },
        "CC_40D_2_1103-0917": {
            "MPSNR": 45.28125413539574,
            "MSSIM": 0.9956004183842839,
            "SAM": 0.018645860254764557,
            "Time": 0.411
        },
        "Master2900k": {
            "MPSNR": 50.3931516322357,