{
    "avg": {
        "MPSNR": 42.55530446042034,
        "MSSIM": 0.9908816686011045,
        "SAM": 0.04702357217377307,
        "Time": 0.27043137254901956
    },
    "detail": {
        "nachal_0823-1147": {
            "MPSNR": 40.134983922516156,
            "MSSIM": 0.9865008322754817,
            "SAM": 0.0330607146024704,
            "Time": 0.279
        },
        "objects_0924-1600": {
            "MPSNR": 40.76767549028305,
            "MSSIM": 0.9910258651816386,
            "SAM": 0.04289666563272476,
            "Time": 0.27
        },
        "objects_0924-1601": {
            "MPSNR": 42.003846574721884,
            "MSSIM": 0.9925623709893598,
            "SAM": 0.036165669560432434,
            "Time": 0.271
        },
        "Labtest_0910-1510": {
            "MPSNR": 44.87013539470434,
            "MSSIM": 0.9915676403123477,
            "SAM": 0.07762444019317627,
            "Time": 0.27
        },
        "Lehavim_0910-1725": {
            "MPSNR": 42.826388077368115,
            "MSSIM": 0.9900296701049487,
            "SAM": 0.06495707482099533,
            "Time": 0.269
        },
        "lehavim_0910-1605": {
            "MPSNR": 41.596517782598134,
            "MSSIM": 0.9897910334481427,
            "SAM": 0.04508062079548836,
            "Time": 0.27
        },
        "objects_0924-1556": {
            "MPSNR": 46.120588011899585,
            "MSSIM": 0.9944967045933529,
            "SAM": 0.04567397013306618,
            "Time": 0.271
        },
        "gavyam_0823-0945": {
            "MPSNR": 41.228098389860016,
            "MSSIM": 0.985628809286071,
            "SAM": 0.06809166818857193,
            "Time": 0.27
        },
        "objects_0924-1620": {
            "MPSNR": 43.065395853021485,
            "MSSIM": 0.9941779546518588,
            "SAM": 0.03367269039154053,
            "Time": 0.271
        },
        "objects_0924-1619": {
            "MPSNR": 43.09188083715686,
            "MSSIM": 0.9937372068872796,
            "SAM": 0.034987922757864,
            "Time": 0.27
        },
        "IDS_COLORCHECK_1020-1223": {
            "MPSNR": 41.59908764207652,
            "MSSIM": 0.9917770699023017,
            "SAM": 0.024486688897013664,
            "Time": 0.27
        },
        "Labtest_0910-1502": {
            "MPSNR": 42.44136471935249,
            "MSSIM": 0.9895449267793578,
            "SAM": 0.08359776437282562,
            "Time": 0.27
        },
        "objects_0924-1634": {
            "MPSNR": 41.85502807451218,
            "MSSIM": 0.9919201351853566,
            "SAM": 0.023700088262557983,
            "Time": 0.27
        },
        "lehavim_0910-1607": {
            "MPSNR": 43.03133387422924,
            "MSSIM": 0.9888196669994045,
            "SAM": 0.06475205719470978,
            "Time": 0.269
        },
        "Lehavim_0910-1622": {
            "MPSNR": 44.48222004853662,
            "MSSIM": 0.9923313079899908,
            "SAM": 0.0600692480802536,
            "Time": 0.269
        },
        "tree_0822-0853": {
            "MPSNR": 41.430143044184994,
            "MSSIM": 0.9875075414032962,
            "SAM": 0.036638956516981125,
            "Time": 0.271
        },
        "objects_0924-1605": {
            "MPSNR": 41.37654005174143,
            "MSSIM": 0.9906649487352459,
            "SAM": 0.04293207824230194,
            "Time": 0.269
        },
        "gavyam_0823-0950-1": {
            "MPSNR": 40.00877796177814,
            "MSSIM": 0.9824047233830591,
            "SAM": 0.044943999499082565,
            "Time": 0.269
        },
        "objects_0924-1639": {
            "MPSNR": 41.997149886863596,
            "MSSIM": 0.9918116679805445,
            "SAM": 0.04550909996032715,
            "Time": 0.27
        },
        "objects_0924-1558": {
            "MPSNR": 41.92222566616774,
            "MSSIM": 0.991718603213922,
            "SAM": 0.043342385441064835,
            "Time": 0.269
        },
        "objects_0924-1612": {
            "MPSNR": 43.14726203875162,
            "MSSIM": 0.9942444793712489,
            "SAM": 0.03597204014658928,
            "Time": 0.27
        },
        "objects_0924-1624": {
            "MPSNR": 42.28621199994838,
            "MSSIM": 0.9933284382784301,
            "SAM": 0.03603479266166687,
            "Time": 0.27
        },
        "Lehavim_0910-1633": {
            "MPSNR": 45.89822524951998,
            "MSSIM": 0.9920413018193085,
            "SAM": 0.09196513146162033,
            "Time": 0.27
        },
        "bulb_0822-0903": {
            "MPSNR": 43.715246379805514,
            "MSSIM": 0.9908871695391236,
            "SAM": 0.056061938405036926,
            "Time": 0.27
        },
        "Lehavim_0910-1718": {
            "MPSNR": 45.46784793124474,
            "MSSIM": 0.9908346657175641,
            "SAM": 0.08572765439748764,
            "Time": 0.272
        },
        "objects_0924-1633": {
            "MPSNR": 43.747459414152765,
            "MSSIM": 0.9947434170280748,
            "SAM": 0.03621944412589073,
            "Time": 0.27
        },
        "nachal_0823-1210-4": {
            "MPSNR": 42.181897062030075,
            "MSSIM": 0.9910175047148814,
            "SAM": 0.037477631121873856,
            "Time": 0.269
        },
        "nachal_0823-1145": {
            "MPSNR": 42.066011383521065,
            "MSSIM": 0.9943500622077021,
            "SAM": 0.015695389360189438,
            "Time": 0.27
        },
        "nachal_0823-1220": {
            "MPSNR": 43.408063099621586,
            "MSSIM": 0.9908529859654494,
            "SAM": 0.046383608132600784,
            "Time": 0.27
        },
        "nachal_0823-1152": {
            "MPSNR": 42.04968787818712,
            "MSSIM": 0.9889221352028396,
            "SAM": 0.04005514830350876,
            "Time": 0.27
        },
        "objects_0924-1610": {
            "MPSNR": 44.232252270855255,
            "MSSIM": 0.9947990383310211,
            "SAM": 0.04365169629454613,
            "Time": 0.272
        },
        "nachal_0823-1213": {
            "MPSNR": 42.1465146391434,
            "MSSIM": 0.9888651594501555,
            "SAM": 0.04138099029660225,
            "Time": 0.269
        },
        "objects_0924-1631": {
            "MPSNR": 40.31900719018917,
            "MSSIM": 0.9910492459361462,
            "SAM": 0.038617994636297226,
            "Time": 0.272
        },
        "negev_0823-1005": {
            "MPSNR": 41.176849560133014,
            "MSSIM": 0.9902701251010017,
            "SAM": 0.020396986976265907,
            "Time": 0.27
        },
        "Lehavim_0910-1640": {
            "MPSNR": 40.81739422495633,
            "MSSIM": 0.984256422335033,
            "SAM": 0.058452505618333817,
            "Time": 0.269
        },
        "Labtest_0910-1506": {
            "MPSNR": 42.626044563576045,
            "MSSIM": 0.9897772236569913,
            "SAM": 0.07425572723150253,
            "Time": 0.27
        },
        "objects_0924-1652": {
            "MPSNR": 42.276476562077924,
            "MSSIM": 0.9895857463606236,
            "SAM": 0.045802030712366104,
            "Time": 0.272
        },
        "Lehavim_0910-1629": {
            "MPSNR": 43.75657297055162,
            "MSSIM": 0.9898655728289544,
            "SAM": 0.06807504594326019,
            "Time": 0.271
        },
        "Lehavim_0910-1708": {
            "MPSNR": 42.6130457048441,
            "MSSIM": 0.9899197350241022,
            "SAM": 0.03854525089263916,
            "Time": 0.27
        },
        "objects_0924-1629": {
            "MPSNR": 41.574736858605235,
            "MSSIM": 0.9914193236604573,
            "SAM": 0.039647236466407776,
            "Time": 0.27
        },
        "Lehavim_0910-1627": {
            "MPSNR": 43.238957212838905,
            "MSSIM": 0.9899196582123054,
            "SAM": 0.07303439825773239,
            "Time": 0.27
        },