{
    "avg": {
        "MPSNR": 40.94385710574956,
        "MSSIM": 0.9788808692657499,
        "SAM": 0.08636217582605633,
        "Time": 0.4102941176470589
    },
    "detail": {
        "nachal_0823-1147": {
            "MPSNR": 39.58265312511836,
            "MSSIM": 0.9787441590606772,
            "SAM": 0.04613921791315079,
            "Time": 0.412
        },
        "objects_0924-1600": {
            "MPSNR": 40.12312425075703,
            "MSSIM": 0.990195463767692,
            "SAM": 0.052076082676649094,
            "Time": 0.409
        },
        "objects_0924-1601": {
            "MPSNR": 39.532206771776934,
            "MSSIM": 0.9871721337240387,
            "SAM": 0.04794207960367203,
            "Time": 0.412
        },
        "Labtest_0910-1510": {
            "MPSNR": 42.077409923356406,
            "MSSIM": 0.9567208230101805,
            "SAM": 0.1775769740343094,
            "Time": 0.411
        },
        "Lehavim_0910-1725": {
            "MPSNR": 42.55229125786032,
            "MSSIM": 0.9867424446654138,
            "SAM": 0.0922338142991066,
            "Time": 0.411
        },
        "lehavim_0910-1605": {
            "MPSNR": 40.90750162859207,
            "MSSIM": 0.9865565408569584,
            "SAM": 0.05471648648381233,
            "Time": 0.41
        },
        "objects_0924-1556": {
            "MPSNR": 41.532211795469536,
            "MSSIM": 0.9506431171695068,
            "SAM": 0.2347872406244278,
            "Time": 0.409
        },
        "gavyam_0823-0945": {
            "MPSNR": 39.18091189964393,
            "MSSIM": 0.9746395985445541,
            "SAM": 0.09144473075866699,
            "Time": 0.41
        },
        "objects_0924-1620": {
            "MPSNR": 42.14813314821612,
            "MSSIM": 0.9930952886974089,
            "SAM": 0.04026631638407707,
            "Time": 0.412
        },
        "objects_0924-1619": {
            "MPSNR": 42.24320371203037,
            "MSSIM": 0.9931561290960423,
            "SAM": 0.04149247333407402,
            "Time": 0.412
        },
        "IDS_COLORCHECK_1020-1223": {
            "MPSNR": 41.320542666474864,
            "MSSIM": 0.9918301937272893,
            "SAM": 0.022672932595014572,
            "Time": 0.41
        },
        "Labtest_0910-1502": {
            "MPSNR": 40.35608410874913,
            "MSSIM": 0.9739855499104961,
            "SAM": 0.12647753953933716,
            "Time": 0.41
        },
        "objects_0924-1634": {
            "MPSNR": 42.11229895923069,
            "MSSIM": 0.992109508201011,
            "SAM": 0.022133653983473778,
            "Time": 0.408
        },
        "lehavim_0910-1607": {
            "MPSNR": 39.89208894409277,
            "MSSIM": 0.9546887330102859,
            "SAM": 0.17449426651000977,
            "Time": 0.41
        },
        "Lehavim_0910-1622": {
            "MPSNR": 38.4894167001594,
            "MSSIM": 0.9084312502826204,
            "SAM": 0.31209930777549744,
            "Time": 0.41
        },
        "tree_0822-0853": {
            "MPSNR": 41.2310922482612,
            "MSSIM": 0.9845543552569851,
            "SAM": 0.04258250817656517,
            "Time": 0.409
        },
        "objects_0924-1605": {
            "MPSNR": 40.90057589063236,
            "MSSIM": 0.9852078362680102,
            "SAM": 0.06337804347276688,
            "Time": 0.411
        },
        "gavyam_0823-0950-1": {
            "MPSNR": 40.90620584897696,
            "MSSIM": 0.9859495409231762,
            "SAM": 0.04579980671405792,
            "Time": 0.411
        },
        "objects_0924-1639": {
            "MPSNR": 42.62225367649476,
            "MSSIM": 0.9928829772704058,
            "SAM": 0.049421265721321106,
            "Time": 0.413
        },
        "objects_0924-1558": {
            "MPSNR": 42.1168899758563,
            "MSSIM": 0.9920221013252013,
            "SAM": 0.049542177468538284,
            "Time": 0.411
        },
        "objects_0924-1612": {
            "MPSNR": 41.945562767222484,
            "MSSIM": 0.9921830306742218,
            "SAM": 0.05363047495484352,
            "Time": 0.409
        },
        "objects_0924-1624": {
            "MPSNR": 40.54878181250561,
            "MSSIM": 0.9898617771252419,
            "SAM": 0.05645349994301796,
            "Time": 0.409
        },
        "Lehavim_0910-1633": {
            "MPSNR": 42.367268905537124,
            "MSSIM": 0.9630655361951377,
            "SAM": 0.1931438148021698,
            "Time": 0.415
        },
        "bulb_0822-0903": {
            "MPSNR": 40.34735915858029,
            "MSSIM": 0.9649724047207286,
            "SAM": 0.15645505487918854,
            "Time": 0.411
        },
        "Lehavim_0910-1718": {
            "MPSNR": 41.25157062367143,
            "MSSIM": 0.9411842072617203,
            "SAM": 0.25474265217781067,
            "Time": 0.411
        },
        "objects_0924-1633": {
            "MPSNR": 41.838003830660526,
            "MSSIM": 0.992407030811997,
            "SAM": 0.043623846024274826,
            "Time": 0.411
        },
        "nachal_0823-1210-4": {
            "MPSNR": 39.270098781871226,
            "MSSIM": 0.9820388694768568,
            "SAM": 0.05881817638874054,
            "Time": 0.412
        },
        "nachal_0823-1145": {
            "MPSNR": 39.52834379464555,
            "MSSIM": 0.9871703119526314,
            "SAM": 0.026560479775071144,
            "Time": 0.409
        },
        "nachal_0823-1220": {
            "MPSNR": 40.5172586596779,
            "MSSIM": 0.9783621755023164,
            "SAM": 0.10061904788017273,
            "Time": 0.41
        },
        "nachal_0823-1152": {
            "MPSNR": 40.187646226827404,
            "MSSIM": 0.9762426947919941,
            "SAM": 0.07646550238132477,
            "Time": 0.41
        },
        "objects_0924-1610": {
            "MPSNR": 41.798576423796646,
            "MSSIM": 0.9903280572454817,
            "SAM": 0.07379872351884842,
            "Time": 0.409
        },
        "nachal_0823-1213": {
            "MPSNR": 41.02262989327252,
            "MSSIM": 0.9810358765237711,
            "SAM": 0.05981798097491264,
            "Time": 0.406
        },
        "objects_0924-1631": {
            "MPSNR": 39.19435736373268,
            "MSSIM": 0.9892427855680774,
            "SAM": 0.051449425518512726,
            "Time": 0.407
        },
        "negev_0823-1005": {
            "MPSNR": 41.00306994754935,
            "MSSIM": 0.9890218195178925,
            "SAM": 0.021327344700694084,
            "Time": 0.408
        },
        "Lehavim_0910-1640": {
            "MPSNR": 40.46277101539946,
            "MSSIM": 0.9778834667822448,
            "SAM": 0.06725679337978363,
            "Time": 0.41
        },
        "Labtest_0910-1506": {
            "MPSNR": 38.06841695924426,
            "MSSIM": 0.9558275249060131,
            "SAM": 0.16401468217372894,
            "Time": 0.41
        },
        "objects_0924-1652": {
            "MPSNR": 41.78918037072621,
            "MSSIM": 0.9884225612940908,
            "SAM": 0.04858052358031273,
            "Time": 0.41
        },
        "Lehavim_0910-1629": {
            "MPSNR": 40.86979797225891,
            "MSSIM": 0.9724412416253362,
            "SAM": 0.1352354735136032,
            "Time": 0.409
        },
        "Lehavim_0910-1708": {
            "MPSNR": 42.6616054721152,
            "MSSIM": 0.9893236125536912,
            "SAM": 0.04258681833744049,
            "Time": 0.413
        },
        "objects_0924-1629": {
            "MPSNR": 40.864334452294116,
            "MSSIM": 0.9900545520665447,
            "SAM": 0.047244079411029816,
            "Time": 0.411
        },
        "Lehavim_0910-1627": {
            "MPSNR": 37.814194990755546,
            "MSSIM": 0.9265636410248846,
            "SAM": 0.27184730768203735,
            "Time": 0.412
        },
        "objects_0924-1622": {
            "MPSNR": 43.06414245500358,