{
    "avg": {
        "MPSNR": 43.15666499897576,
        "MSSIM": 0.991907316435545,
        "SAM": 0.04377750004185181,
        "Time": 0.41068627450980405
    },
    "detail": {
        "nachal_0823-1147": {
            "MPSNR": 41.60254883966403,
            "MSSIM": 0.989482816224372,
            "SAM": 0.02765088900923729,
            "Time": 0.416
        },
        "objects_0924-1600": {
            "MPSNR": 42.412139806735304,
            "MSSIM": 0.9931143854072884,
            "SAM": 0.037177637219429016,
            "Time": 0.41
        },
        "objects_0924-1601": {
            "MPSNR": 42.54151858545344,
            "MSSIM": 0.9937493718456865,
            "SAM": 0.032039374113082886,
            "Time": 0.411
        },
        "Labtest_0910-1510": {
            "MPSNR": 45.595532540350014,
            "MSSIM": 0.9927516921366681,
            "SAM": 0.07277385890483856,
            "Time": 0.411
        },
        "Lehavim_0910-1725": {
            "MPSNR": 43.36890391352732,
            "MSSIM": 0.9909192484933965,
            "SAM": 0.06173553317785263,
            "Time": 0.41
        },
        "lehavim_0910-1605": {
            "MPSNR": 41.13168196923865,
            "MSSIM": 0.9891601441117702,
            "SAM": 0.04640490561723709,
            "Time": 0.41
        },
        "objects_0924-1556": {
            "MPSNR": 47.240177951060375,
            "MSSIM": 0.9963855027686062,
            "SAM": 0.03693382069468498,
            "Time": 0.411
        },
        "gavyam_0823-0945": {
            "MPSNR": 41.57475822986168,
            "MSSIM": 0.9873380361676491,
            "SAM": 0.06126139685511589,
            "Time": 0.41
        },
        "objects_0924-1620": {
            "MPSNR": 43.48942824424494,
            "MSSIM": 0.9945738008931336,
            "SAM": 0.03094443865120411,
            "Time": 0.41
        },
        "objects_0924-1619": {
            "MPSNR": 43.06476609383093,
            "MSSIM": 0.9938417819333577,
            "SAM": 0.03387725353240967,
            "Time": 0.411
        },
        "IDS_COLORCHECK_1020-1223": {
            "MPSNR": 41.20149035198777,
            "MSSIM": 0.9906538575597885,
            "SAM": 0.024013623595237732,
            "Time": 0.411
        },
        "Labtest_0910-1502": {
            "MPSNR": 43.639728971184255,
            "MSSIM": 0.9917575071348286,
            "SAM": 0.07445695996284485,
            "Time": 0.409
        },
        "objects_0924-1634": {
            "MPSNR": 42.583768006639716,
            "MSSIM": 0.992404402987682,
            "SAM": 0.02431575022637844,
            "Time": 0.409
        },
        "lehavim_0910-1607": {
            "MPSNR": 42.69348905620476,
            "MSSIM": 0.9862923490820714,
            "SAM": 0.06945853680372238,
            "Time": 0.411
        },
        "Lehavim_0910-1622": {
            "MPSNR": 44.228045707584684,
            "MSSIM": 0.9917001527853951,
            "SAM": 0.05979248136281967,
            "Time": 0.412
        },
        "tree_0822-0853": {
            "MPSNR": 43.57747468621597,
            "MSSIM": 0.9914653041867152,
            "SAM": 0.029427848756313324,
            "Time": 0.414
        },
        "objects_0924-1605": {
            "MPSNR": 43.81137365501654,
            "MSSIM": 0.9948539618439158,
            "SAM": 0.030437104403972626,
            "Time": 0.414
        },
        "gavyam_0823-0950-1": {
            "MPSNR": 42.10552986637311,
            "MSSIM": 0.9891029315476834,
            "SAM": 0.039319492876529694,
            "Time": 0.411
        },
        "objects_0924-1639": {
            "MPSNR": 43.46885056934563,
            "MSSIM": 0.9941078377723985,
            "SAM": 0.040677402168512344,
            "Time": 0.411
        },
        "objects_0924-1558": {
            "MPSNR": 43.4060006154984,
            "MSSIM": 0.9939204446794562,
            "SAM": 0.037808164954185486,
            "Time": 0.412
        },
        "objects_0924-1612": {
            "MPSNR": 43.50053431206011,
            "MSSIM": 0.9943709685919778,
            "SAM": 0.034352220594882965,
            "Time": 0.41
        },
        "objects_0924-1624": {
            "MPSNR": 42.9348312721927,
            "MSSIM": 0.9942229314482025,
            "SAM": 0.030583342537283897,
            "Time": 0.413
        },
        "Lehavim_0910-1633": {
            "MPSNR": 46.65995684437893,
            "MSSIM": 0.9930372212876052,
            "SAM": 0.08346659690141678,
            "Time": 0.41
        },
        "bulb_0822-0903": {
            "MPSNR": 44.6814965520019,
            "MSSIM": 0.9924277124675054,
            "SAM": 0.04961680993437767,
            "Time": 0.408
        },
        "Lehavim_0910-1718": {
            "MPSNR": 47.007744199193375,
            "MSSIM": 0.9935592320730601,
            "SAM": 0.07373695075511932,
            "Time": 0.411
        },
        "objects_0924-1633": {
            "MPSNR": 41.93442899821729,
            "MSSIM": 0.9921169209104123,
            "SAM": 0.03870850428938866,
            "Time": 0.41
        },
        "nachal_0823-1210-4": {
            "MPSNR": 43.070614226066496,
            "MSSIM": 0.9930411144539933,
            "SAM": 0.033291660249233246,
            "Time": 0.414
        },
        "nachal_0823-1145": {
            "MPSNR": 42.30160789620063,
            "MSSIM": 0.9930445869764403,
            "SAM": 0.01586982049047947,
            "Time": 0.41
        },
        "nachal_0823-1220": {
            "MPSNR": 43.034756307137684,
            "MSSIM": 0.9904409931725209,
            "SAM": 0.047696180641651154,
            "Time": 0.409
        },
        "nachal_0823-1152": {
            "MPSNR": 41.59014728496597,
            "MSSIM": 0.9871859747179491,
            "SAM": 0.04257940500974655,
            "Time": 0.407
        },
        "objects_0924-1610": {
            "MPSNR": 44.04100865712325,
            "MSSIM": 0.9944487999477011,
            "SAM": 0.04238326847553253,
            "Time": 0.411
        },
        "nachal_0823-1213": {
            "MPSNR": 44.077550987279224,
            "MSSIM": 0.9922326120118339,
            "SAM": 0.03253914788365364,
            "Time": 0.409
        },
        "objects_0924-1631": {
            "MPSNR": 41.23329423829757,
            "MSSIM": 0.9928809828131592,
            "SAM": 0.035529907792806625,
            "Time": 0.409
        },
        "negev_0823-1005": {
            "MPSNR": 41.26840258308897,
            "MSSIM": 0.990210530228346,
            "SAM": 0.022387957200407982,
            "Time": 0.409
        },
        "Lehavim_0910-1640": {
            "MPSNR": 42.87518109938761,
            "MSSIM": 0.9900011718766472,
            "SAM": 0.049920935183763504,
            "Time": 0.41
        },
        "Labtest_0910-1506": {
            "MPSNR": 43.080734026667216,
            "MSSIM": 0.9909444510855963,
            "SAM": 0.07393180578947067,
            "Time": 0.409
        },
        "objects_0924-1652": {
            "MPSNR": 42.221590280629655,
            "MSSIM": 0.9899619558576527,
            "SAM": 0.046741705387830734,
            "Time": 0.409
        },
        "Lehavim_0910-1629": {
            "MPSNR": 43.571944784589306,
            "MSSIM": 0.9895135778942784,
            "SAM": 0.06440769135951996,
            "Time": 0.409
        },
        "Lehavim_0910-1708": {
            "MPSNR": 41.964975928141776,
            "MSSIM": 0.9868083466777622,
            "SAM": 0.03859909251332283,
            "Time": 0.413
        },
        "objects_0924-1629": {
            "MPSNR": 42.72308189063479,
            "MSSIM": 0.99314631256554,
            "SAM": 0.03922882676124573,
            "Time": 0.411
        },
        "Lehavim_0910-1627": {
            "MPSNR": 43.534100184248466,
            "MSSIM": 0.9899944163079666,
            "SAM": 0.0656067356467247,
            "Time": 0.41
        },