{
    "avg": {
        "MPSNR": 39.81167155132968,
        "MSSIM": 0.9799033024861672,
        "SAM": 0.060492828488349915,
        "Time": 0.5159999999999999
    },
    "detail": {
        "gavyam_0823-0933": {
            "MPSNR": 37.922123817940715,
            "MSSIM": 0.9770932737518886,
            "SAM": 0.03180386871099472,
            "Time": 0.518
        },
        "objects_0924-1557": {
            "MPSNR": 39.39314598781115,
            "MSSIM": 0.987612044450032,
            "SAM": 0.042015936225652695,
            "Time": 0.515
        },
        "lehavim_0910-1600": {
            "MPSNR": 40.506446792801626,
            "MSSIM": 0.9832514836445981,
            "SAM": 0.02724463678896427,
            "Time": 0.516
        },
        "Lehavim_0910-1717": {
            "MPSNR": 39.972660452065554,
            "MSSIM": 0.9769060782359936,
            "SAM": 0.06254388391971588,
            "Time": 0.517
        },
        "gavyam_0823-0944": {
            "MPSNR": 38.06945521885126,
            "MSSIM": 0.9777548415727398,
            "SAM": 0.03897137567400932,
            "Time": 0.517
        },
        "nachal_0823-1222": {
            "MPSNR": 39.55121282654696,
            "MSSIM": 0.9782061510412128,
            "SAM": 0.05521921068429947,
            "Time": 0.514
        },
        "lehavim_0910-1610": {
            "MPSNR": 38.00306589235448,
            "MSSIM": 0.9707400636572987,
            "SAM": 0.06066712737083435,
            "Time": 0.517
        },
        "objects_0924-1623": {
            "MPSNR": 40.88331266366919,
            "MSSIM": 0.9911665135590256,
            "SAM": 0.04658077657222748,
            "Time": 0.517
        },
        "objects_0924-1650": {
            "MPSNR": 38.37145151510128,
            "MSSIM": 0.9796534861073184,
            "SAM": 0.06364516913890839,
            "Time": 0.515
        },
        "nachal_0823-1214": {
            "MPSNR": 37.33911930365212,
            "MSSIM": 0.9695386083230254,
            "SAM": 0.03473222255706787,
            "Time": 0.515
        },
        "Labtest_0910-1504": {
            "MPSNR": 44.707728745908135,
            "MSSIM": 0.984909996691921,
            "SAM": 0.11265599727630615,
            "Time": 0.515
        },
        "objects_0924-1648": {
            "MPSNR": 39.33584143672762,
            "MSSIM": 0.9870022452197974,
            "SAM": 0.051976367831230164,
            "Time": 0.517
        },
        "rmt_0328-1249-1": {
            "MPSNR": 41.78555414361693,
            "MSSIM": 0.979859426014702,
            "SAM": 0.09753702580928802,
            "Time": 0.517
        },
        "Labtest_0910-1509": {
            "MPSNR": 40.17406561268537,
            "MSSIM": 0.970742870566352,
            "SAM": 0.09869740903377533,
            "Time": 0.516
        },
        "objects_0924-1611": {
            "MPSNR": 39.86874173808962,
            "MSSIM": 0.9886911946924359,
            "SAM": 0.03999628871679306,
            "Time": 0.515
        },
        "nachal_0823-1127": {
            "MPSNR": 39.50087013690119,
            "MSSIM": 0.9813979816022258,
            "SAM": 0.038262709975242615,
            "Time": 0.515
        },
        "IDS_COLORCHECK_1020-1215-1": {
            "MPSNR": 43.420421668478404,
            "MSSIM": 0.9900144161683481,
            "SAM": 0.054410938173532486,
            "Time": 0.514
        },
        "Labtest_0910-1513": {
            "MPSNR": 38.97878501223317,
            "MSSIM": 0.9787599046562204,
            "SAM": 0.07489986717700958,
            "Time": 0.514
        },
        "selfie_0822-0906": {
            "MPSNR": 38.16694687913098,
            "MSSIM": 0.9724201004959049,
            "SAM": 0.035290684551000595,
            "Time": 0.516
        },
        "nachal_0823-1118": {
            "MPSNR": 37.924123819986185,
            "MSSIM": 0.9698540570163813,
            "SAM": 0.05502301827073097,
            "Time": 0.517
        },
        "objects_0924-1617": {
            "MPSNR": 39.80967950157391,
            "MSSIM": 0.9888203133723218,
            "SAM": 0.04024168476462364,
            "Time": 0.517
        },
        "ulm_0328-1118": {
            "MPSNR": 39.62593244363356,
            "MSSIM": 0.9845525389190191,
            "SAM": 0.041842103004455566,
            "Time": 0.517
        },
        "Lehavim_0910-1716": {
            "MPSNR": 42.648532643481055,
            "MSSIM": 0.9797969091476137,
            "SAM": 0.08920013904571533,
            "Time": 0.516
        },
        "Lehavim_0910-1635": {
            "MPSNR": 34.01473238292291,
            "MSSIM": 0.9465301215529337,
            "SAM": 0.07558385282754898,
            "Time": 0.516
        },
        "objects_0924-1607": {
            "MPSNR": 39.67341579650979,
            "MSSIM": 0.9879200600150947,
            "SAM": 0.042485032230615616,
            "Time": 0.517
        },
        "objects_0924-1625": {
            "MPSNR": 38.535444164556054,
            "MSSIM": 0.9858661634042927,
            "SAM": 0.046607036143541336,
            "Time": 0.515
        },
        "nachal_0823-1144": {
            "MPSNR": 39.31218940548758,
            "MSSIM": 0.9782391329282356,
            "SAM": 0.04046333208680153,
            "Time": 0.515
        },
        "nachal_0823-1121": {
            "MPSNR": 37.88169895209987,
            "MSSIM": 0.975599144899106,
            "SAM": 0.04385443031787872,
            "Time": 0.515
        },
        "gavyam_0823-0930": {
            "MPSNR": 37.37018332060902,
            "MSSIM": 0.95999623047432,
            "SAM": 0.0929369330406189,
            "Time": 0.517
        },
        "objects_0924-1628": {
            "MPSNR": 41.22558355917025,
            "MSSIM": 0.9904979526525716,
            "SAM": 0.049729615449905396,
            "Time": 0.517
        },
        "rmt_0328-1241-1": {
            "MPSNR": 36.51350349231902,
            "MSSIM": 0.970384784342743,
            "SAM": 0.03055349923670292,
            "Time": 0.517
        },
        "objects_0924-1641": {
            "MPSNR": 38.377802335229454,
            "MSSIM": 0.9842414984423027,
            "SAM": 0.05732623487710953,
            "Time": 0.515
        },
        "nachal_0823-1223": {
            "MPSNR": 39.1351178091238,
            "MSSIM": 0.9810694184368233,
            "SAM": 0.040015075355768204,
            "Time": 0.517
        },
        "objects_0924-1614": {
            "MPSNR": 39.900671847466185,
            "MSSIM": 0.9886442560974783,
            "SAM": 0.04117957130074501,
            "Time": 0.516
        },
        "nachal_0823-1047": {
            "MPSNR": 36.979864427052476,
            "MSSIM": 0.9745359617783849,
            "SAM": 0.03066355362534523,
            "Time": 0.517
        },
        "negev_0823-1003": {
            "MPSNR": 38.53034024922026,
            "MSSIM": 0.9747354810292883,
            "SAM": 0.026556218042969704,
            "Time": 0.515
        },
        "Lehavim_0910-1626": {
            "MPSNR": 36.7193874371861,
            "MSSIM": 0.9499689305303022,
            "SAM": 0.04849701374769211,
            "Time": 0.516
        },
        "nachal_0823-1149": {
            "MPSNR": 37.15043065319506,
            "MSSIM": 0.9643276694867637,
            "SAM": 0.08642878383398056,
            "Time": 0.516
        },
        "objects_0924-1602": {
            "MPSNR": 39.471599511579335,
            "MSSIM": 0.9874458544817222,
            "SAM": 0.04599661007523537,
            "Time": 0.516
        },
        "nachal_0823-1217": {
            "MPSNR": 38.58681864765209,
            "MSSIM": 0.9751915786054128,
            "SAM": 0.04582767188549042,
            "Time": 0.516
        },
        "CC_40D_2_1103-0917": {
            "MPSNR": 40.16883706306701,
            "MSSIM": 0.9883348459355676,
            "SAM": 0.027495605871081352,
            "Time": 0.517
        },
        "Master2900k": {
            "MPSNR": 49.0536794698154,