{
    "avg": {
        "MPSNR": 42.932101500303546,
        "MSSIM": 0.9914125756464095,
        "SAM": 0.045079186777858174,
        "Time": 0.27901960784313723
    },
    "detail": {
        "nachal_0823-1147": {
            "MPSNR": 41.29529820050356,
            "MSSIM": 0.9887811784273084,
            "SAM": 0.030772726982831955,
            "Time": 0.72
        },
        "objects_0924-1600": {
            "MPSNR": 41.139505661207785,
            "MSSIM": 0.9912745056592706,
            "SAM": 0.04013445973396301,
            "Time": 0.27
        },
        "objects_0924-1601": {
            "MPSNR": 41.81365502691308,
            "MSSIM": 0.9920621132248244,
            "SAM": 0.03670009225606918,
            "Time": 0.27
        },
        "Labtest_0910-1510": {
            "MPSNR": 46.042256212279945,
            "MSSIM": 0.9936318527168027,
            "SAM": 0.07174497842788696,
            "Time": 0.271
        },
        "Lehavim_0910-1725": {
            "MPSNR": 41.65549918738802,
            "MSSIM": 0.9865285211222502,
            "SAM": 0.06807894259691238,
            "Time": 0.27
        },
        "lehavim_0910-1605": {
            "MPSNR": 41.34402575567998,
            "MSSIM": 0.989122682498741,
            "SAM": 0.045061614364385605,
            "Time": 0.27
        },
        "objects_0924-1556": {
            "MPSNR": 45.62374357450002,
            "MSSIM": 0.9945868451088145,
            "SAM": 0.045654211193323135,
            "Time": 0.269
        },
        "gavyam_0823-0945": {
            "MPSNR": 41.44012847166832,
            "MSSIM": 0.9861702044667578,
            "SAM": 0.06486441940069199,
            "Time": 0.271
        },
        "objects_0924-1620": {
            "MPSNR": 43.54617549368329,
            "MSSIM": 0.9946708147250747,
            "SAM": 0.030425675213336945,
            "Time": 0.271
        },
        "objects_0924-1619": {
            "MPSNR": 42.70409973002292,
            "MSSIM": 0.9930935038064601,
            "SAM": 0.03667261451482773,
            "Time": 0.271
        },
        "IDS_COLORCHECK_1020-1223": {
            "MPSNR": 42.68384877031448,
            "MSSIM": 0.9930459085384269,
            "SAM": 0.022391166538000107,
            "Time": 0.27
        },
        "Labtest_0910-1502": {
            "MPSNR": 43.39119299056298,
            "MSSIM": 0.9914812986536434,
            "SAM": 0.07371105998754501,
            "Time": 0.27
        },
        "objects_0924-1634": {
            "MPSNR": 41.555336431079965,
            "MSSIM": 0.9912633972247883,
            "SAM": 0.024747498333454132,
            "Time": 0.27
        },
        "lehavim_0910-1607": {
            "MPSNR": 42.74895484159435,
            "MSSIM": 0.9879835693481779,
            "SAM": 0.0675620511174202,
            "Time": 0.271
        },
        "Lehavim_0910-1622": {
            "MPSNR": 43.45164147109973,
            "MSSIM": 0.9902669538506045,
            "SAM": 0.06786993145942688,
            "Time": 0.27
        },
        "tree_0822-0853": {
            "MPSNR": 42.27355410227119,
            "MSSIM": 0.9891940383087963,
            "SAM": 0.032078374177217484,
            "Time": 0.269
        },
        "objects_0924-1605": {
            "MPSNR": 42.73097687772465,
            "MSSIM": 0.9935319933482075,
            "SAM": 0.0348697304725647,
            "Time": 0.271
        },
        "gavyam_0823-0950-1": {
            "MPSNR": 40.51212962012609,
            "MSSIM": 0.9835953058027912,
            "SAM": 0.04257132112979889,
            "Time": 0.271
        },
        "objects_0924-1639": {
            "MPSNR": 42.988215136525554,
            "MSSIM": 0.9929379342391904,
            "SAM": 0.04453345388174057,
            "Time": 0.271
        },
        "objects_0924-1558": {
            "MPSNR": 43.49147668705993,
            "MSSIM": 0.9936535409974241,
            "SAM": 0.038815006613731384,
            "Time": 0.272
        },
        "objects_0924-1612": {
            "MPSNR": 43.23864309567226,
            "MSSIM": 0.9942207193414497,
            "SAM": 0.03477809578180313,
            "Time": 0.271
        },
        "objects_0924-1624": {
            "MPSNR": 43.59415365179953,
            "MSSIM": 0.9951443867997462,
            "SAM": 0.03009716421365738,
            "Time": 0.268
        },
        "Lehavim_0910-1633": {
            "MPSNR": 46.615674438179205,
            "MSSIM": 0.9934224710186123,
            "SAM": 0.08435928076505661,
            "Time": 0.269
        },
        "bulb_0822-0903": {
            "MPSNR": 45.52183315547359,
            "MSSIM": 0.993969332467494,
            "SAM": 0.04731370881199837,
            "Time": 0.27
        },
        "Lehavim_0910-1718": {
            "MPSNR": 46.064816097910125,
            "MSSIM": 0.9921001883756544,
            "SAM": 0.08098037540912628,
            "Time": 0.27
        },
        "objects_0924-1633": {
            "MPSNR": 42.653862944500716,
            "MSSIM": 0.9932611173861298,
            "SAM": 0.03765653073787689,
            "Time": 0.27
        },
        "nachal_0823-1210-4": {
            "MPSNR": 43.29540034115993,
            "MSSIM": 0.9926773892342379,
            "SAM": 0.03473304212093353,
            "Time": 0.271
        },
        "nachal_0823-1145": {
            "MPSNR": 42.046441162806595,
            "MSSIM": 0.9942066686607949,
            "SAM": 0.016212625429034233,
            "Time": 0.27
        },
        "nachal_0823-1220": {
            "MPSNR": 43.72982679707095,
            "MSSIM": 0.9914273079519652,
            "SAM": 0.04546331986784935,
            "Time": 0.271
        },
        "nachal_0823-1152": {
            "MPSNR": 40.054567582257285,
            "MSSIM": 0.982154466782988,
            "SAM": 0.04630180448293686,
            "Time": 0.27
        },
        "objects_0924-1610": {
            "MPSNR": 44.592463615094,
            "MSSIM": 0.9949670942457799,
            "SAM": 0.0402551107108593,
            "Time": 0.27
        },
        "nachal_0823-1213": {
            "MPSNR": 42.75645832041219,
            "MSSIM": 0.9900394101892439,
            "SAM": 0.03803157061338425,
            "Time": 0.271
        },
        "objects_0924-1631": {
            "MPSNR": 41.38281132513951,
            "MSSIM": 0.9927299756941761,
            "SAM": 0.03612974286079407,
            "Time": 0.27
        },
        "negev_0823-1005": {
            "MPSNR": 41.340160554133334,
            "MSSIM": 0.9904584309925525,
            "SAM": 0.02064809575676918,
            "Time": 0.269
        },
        "Lehavim_0910-1640": {
            "MPSNR": 41.9840388188465,
            "MSSIM": 0.988413059850531,
            "SAM": 0.05664338916540146,
            "Time": 0.27
        },
        "Labtest_0910-1506": {
            "MPSNR": 42.35630121402985,
            "MSSIM": 0.9893582579629174,
            "SAM": 0.0771602913737297,
            "Time": 0.27
        },
        "objects_0924-1652": {
            "MPSNR": 42.978084375192935,
            "MSSIM": 0.9905647736131777,
            "SAM": 0.042740389704704285,
            "Time": 0.27
        },
        "Lehavim_0910-1629": {
            "MPSNR": 43.97743870136688,
            "MSSIM": 0.9903797214841739,
            "SAM": 0.06690070033073425,
            "Time": 0.27
        },
        "Lehavim_0910-1708": {
            "MPSNR": 43.33084520165962,
            "MSSIM": 0.991443348605405,
            "SAM": 0.03583548590540886,
            "Time": 0.27
        },
        "objects_0924-1629": {
            "MPSNR": 42.69679717881759,
            "MSSIM": 0.9929812259618697,
            "SAM": 0.03731435537338257,
            "Time": 0.271
        },
        "Lehavim_0910-1627": {
            "MPSNR": 43.253363148568546,
            "MSSIM": 0.9897257028405162,
            "SAM": 0.07129864394664764,
            "Time": 0.271
        },
        "objects_0924-1622": {
            "MPSNR": 42.56274099564397,