{
    "avg": {
        "MPSNR": 19.25754711314068,
        "MSSIM": 0.3206433384710641,
        "SAM": 0.7010895422860688,
        "Time": 0.0
    },
    "detail": {
        "nachal_0823-1147": {
            "MPSNR": 17.940409418106775,
            "MSSIM": 0.2911691243897164,
            "SAM": 0.6011863946914673,
            "Time": 0.0
        },
        "objects_0924-1600": {
            "MPSNR": 18.3991216804173,
            "MSSIM": 0.30170066726240097,
            "SAM": 0.6876784563064575,
            "Time": 0.0
        },
        "objects_0924-1601": {
            "MPSNR": 20.26414776303395,
            "MSSIM": 0.37251582409789,
            "SAM": 0.6271438598632812,
            "Time": 0.0
        },
        "Labtest_0910-1510": {
            "MPSNR": 19.497061924016915,
            "MSSIM": 0.27024434263645664,
            "SAM": 0.9083008766174316,
            "Time": 0.0
        },
        "Lehavim_0910-1725": {
            "MPSNR": 20.360385187749767,
            "MSSIM": 0.36644421917818365,
            "SAM": 0.8541292548179626,
            "Time": 0.0
        },
        "lehavim_0910-1605": {
            "MPSNR": 19.736794124983454,
            "MSSIM": 0.36842105050112883,
            "SAM": 0.6523686051368713,
            "Time": 0.0
        },
        "objects_0924-1556": {
            "MPSNR": 20.24080768866671,
            "MSSIM": 0.3358361633408632,
            "SAM": 0.8450059294700623,
            "Time": 0.0
        },
        "gavyam_0823-0945": {
            "MPSNR": 20.383261961001256,
            "MSSIM": 0.37792050597431043,
            "SAM": 0.7453762888908386,
            "Time": 0.0
        },
        "objects_0924-1620": {
            "MPSNR": 19.841995522807913,
            "MSSIM": 0.3527007837050236,
            "SAM": 0.6357706189155579,
            "Time": 0.0
        },
        "objects_0924-1619": {
            "MPSNR": 19.27416515648558,
            "MSSIM": 0.3172034196060557,
            "SAM": 0.66596919298172,
            "Time": 0.0
        },
        "IDS_COLORCHECK_1020-1223": {
            "MPSNR": 18.69745117941095,
            "MSSIM": 0.3190882827722397,
            "SAM": 0.46792712807655334,
            "Time": 0.0
        },
        "Labtest_0910-1502": {
            "MPSNR": 19.764903885558848,
            "MSSIM": 0.34957842575486553,
            "SAM": 0.8708438277244568,
            "Time": 0.0
        },
        "objects_0924-1634": {
            "MPSNR": 18.871354116071068,
            "MSSIM": 0.32287849011940556,
            "SAM": 0.515296459197998,
            "Time": 0.0
        },
        "lehavim_0910-1607": {
            "MPSNR": 19.574619023243528,
            "MSSIM": 0.3092505681206527,
            "SAM": 0.8711500763893127,
            "Time": 0.0
        },
        "Lehavim_0910-1622": {
            "MPSNR": 21.093290934121313,
            "MSSIM": 0.37402465141101393,
            "SAM": 0.8356121182441711,
            "Time": 0.0
        },
        "tree_0822-0853": {
            "MPSNR": 17.896303037887197,
            "MSSIM": 0.2822110600385432,
            "SAM": 0.5514269471168518,
            "Time": 0.0
        },
        "objects_0924-1605": {
            "MPSNR": 17.450943222319886,
            "MSSIM": 0.2533087346840842,
            "SAM": 0.7085282206535339,
            "Time": 0.0
        },
        "gavyam_0823-0950-1": {
            "MPSNR": 17.952844807293573,
            "MSSIM": 0.27159830528863416,
            "SAM": 0.6658053398132324,
            "Time": 0.0
        },
        "objects_0924-1639": {
            "MPSNR": 18.60980328793576,
            "MSSIM": 0.2844162861368298,
            "SAM": 0.7222775816917419,
            "Time": 0.0
        },
        "objects_0924-1558": {
            "MPSNR": 17.48195810974995,
            "MSSIM": 0.23710139258153992,
            "SAM": 0.7366806864738464,
            "Time": 0.0
        },
        "objects_0924-1612": {
            "MPSNR": 19.73929030565923,
            "MSSIM": 0.33575900850467455,
            "SAM": 0.6686766147613525,
            "Time": 0.0
        },
        "objects_0924-1624": {
            "MPSNR": 18.7737332240367,
            "MSSIM": 0.29762119252348396,
            "SAM": 0.6180251240730286,
            "Time": 0.0
        },
        "Lehavim_0910-1633": {
            "MPSNR": 19.878971597438646,
            "MSSIM": 0.2705599451384629,
            "SAM": 0.9257505536079407,
            "Time": 0.0
        },
        "bulb_0822-0903": {
            "MPSNR": 18.451916604445483,
            "MSSIM": 0.2665178731166276,
            "SAM": 0.8027215600013733,
            "Time": 0.0
        },
        "Lehavim_0910-1718": {
            "MPSNR": 19.526858802010324,
            "MSSIM": 0.2612695887578421,
            "SAM": 0.9370062947273254,
            "Time": 0.0
        },
        "objects_0924-1633": {
            "MPSNR": 21.379826735719032,
            "MSSIM": 0.42830935209479226,
            "SAM": 0.6584339737892151,
            "Time": 0.0
        },
        "nachal_0823-1210-4": {
            "MPSNR": 18.332236192777128,
            "MSSIM": 0.30585396426885375,
            "SAM": 0.6681099534034729,
            "Time": 0.0
        },
        "nachal_0823-1145": {
            "MPSNR": 20.132494792431125,
            "MSSIM": 0.3692480644545655,
            "SAM": 0.25338274240493774,
            "Time": 0.0
        },
        "nachal_0823-1220": {
            "MPSNR": 19.46018502479561,
            "MSSIM": 0.32854229906887333,
            "SAM": 0.7399452924728394,
            "Time": 0.0
        },
        "nachal_0823-1152": {
            "MPSNR": 18.600845976463237,
            "MSSIM": 0.30164206910138475,
            "SAM": 0.6555800437927246,
            "Time": 0.0
        },
        "objects_0924-1610": {
            "MPSNR": 20.57809331950917,
            "MSSIM": 0.3632781085609011,
            "SAM": 0.7477439641952515,
            "Time": 0.0
        },
        "nachal_0823-1213": {
            "MPSNR": 18.54363689622089,
            "MSSIM": 0.28312805759364434,
            "SAM": 0.7017828822135925,
            "Time": 0.0
        },
        "objects_0924-1631": {
            "MPSNR": 18.309692972992853,
            "MSSIM": 0.28821052308672573,
            "SAM": 0.6580291390419006,
            "Time": 0.0
        },
        "negev_0823-1005": {
            "MPSNR": 18.743743395449087,
            "MSSIM": 0.34139341231125037,
            "SAM": 0.4231674373149872,
            "Time": 0.0
        },
        "Lehavim_0910-1640": {
            "MPSNR": 18.63905213403599,
            "MSSIM": 0.31761919897548585,
            "SAM": 0.7867333889007568,
            "Time": 0.0
        },
        "Labtest_0910-1506": {
            "MPSNR": 21.350481006433448,
            "MSSIM": 0.41743097479301794,
            "SAM": 0.8703770041465759,
            "Time": 0.0
        },
        "objects_0924-1652": {
            "MPSNR": 18.525855700345492,
            "MSSIM": 0.28811836768811694,
            "SAM": 0.6868639588356018,
            "Time": 0.0
        },
        "Lehavim_0910-1629": {
            "MPSNR": 21.041511124506286,
            "MSSIM": 0.37538922014879456,
            "SAM": 0.8852334022521973,
            "Time": 0.0
        },
        "Lehavim_0910-1708": {
            "MPSNR": 19.044446485596133,
            "MSSIM": 0.3248816712767121,
            "SAM": 0.7041364312171936,
            "Time": 0.0
        },
        "objects_0924-1629": {
            "MPSNR": 18.404927591962657,
            "MSSIM": 0.2709614435374435,
            "SAM": 0.678935170173645,
            "Time": 0.0
        },
        "Lehavim_0910-1627": {
            "MPSNR": 20.737909849609782,
            "MSSIM": 0.37076258333250983,
            "SAM": 0.8214327692985535,
            "Time": 0.0
        },
        "objects_0924-1622": {
            "MPSNR": 19.3949141047509,
            "MSSIM": 0.338907101448549,
            "SAM": 0.7107996940612793,