{
    "avg": {
        "MPSNR": 15.789080912527767,
        "MSSIM": 0.22794767321217407,
        "SAM": 0.8456242546146991,
        "Time": 0.0
    },
    "detail": {
        "nachal_0823-1147": {
            "MPSNR": 15.319259097407478,
            "MSSIM": 0.22286981631948755,
            "SAM": 0.7345741391181946,
            "Time": 0.0
        },
        "objects_0924-1600": {
            "MPSNR": 15.841591112719701,
            "MSSIM": 0.23828932253831667,
            "SAM": 0.8144084811210632,
            "Time": 0.0
        },
        "objects_0924-1601": {
            "MPSNR": 14.038460191617387,
            "MSSIM": 0.16044122922614767,
            "SAM": 0.8292756080627441,
            "Time": 0.0
        },
        "Labtest_0910-1510": {
            "MPSNR": 17.5158755393785,
            "MSSIM": 0.2656626951938831,
            "SAM": 1.0034921169281006,
            "Time": 0.0
        },
        "Lehavim_0910-1725": {
            "MPSNR": 17.06026562105201,
            "MSSIM": 0.2981758268550017,
            "SAM": 1.0146751403808594,
            "Time": 0.0
        },
        "lehavim_0910-1605": {
            "MPSNR": 15.413028346599724,
            "MSSIM": 0.22486789952476224,
            "SAM": 0.7882149815559387,
            "Time": 0.0
        },
        "objects_0924-1556": {
            "MPSNR": 16.803402657974114,
            "MSSIM": 0.24376431855773986,
            "SAM": 0.9837450981140137,
            "Time": 0.0
        },
        "gavyam_0823-0945": {
            "MPSNR": 14.810491623991675,
            "MSSIM": 0.19502449710293207,
            "SAM": 0.9319609999656677,
            "Time": 0.0
        },
        "objects_0924-1620": {
            "MPSNR": 15.49098166293182,
            "MSSIM": 0.22201017654020153,
            "SAM": 0.8080302476882935,
            "Time": 0.0
        },
        "objects_0924-1619": {
            "MPSNR": 16.580316624647793,
            "MSSIM": 0.24479874210931152,
            "SAM": 0.7965899109840393,
            "Time": 0.0
        },
        "IDS_COLORCHECK_1020-1223": {
            "MPSNR": 15.382712586300084,
            "MSSIM": 0.2065156252160874,
            "SAM": 0.6091894507408142,
            "Time": 0.0
        },
        "Labtest_0910-1502": {
            "MPSNR": 15.422060187725716,
            "MSSIM": 0.2261948548873331,
            "SAM": 1.0057060718536377,
            "Time": 0.0
        },
        "objects_0924-1634": {
            "MPSNR": 15.580890071196448,
            "MSSIM": 0.21014442537914396,
            "SAM": 0.6391493082046509,
            "Time": 0.0
        },
        "lehavim_0910-1607": {
            "MPSNR": 17.611492701802554,
            "MSSIM": 0.30785427041470137,
            "SAM": 1.0508097410202026,
            "Time": 0.0
        },
        "Lehavim_0910-1622": {
            "MPSNR": 16.671109838924814,
            "MSSIM": 0.24243331392359607,
            "SAM": 0.994223415851593,
            "Time": 0.0
        },
        "tree_0822-0853": {
            "MPSNR": 16.464058727873113,
            "MSSIM": 0.26463732118317757,
            "SAM": 0.6783692240715027,
            "Time": 0.0
        },
        "objects_0924-1605": {
            "MPSNR": 16.156568018577065,
            "MSSIM": 0.23981132008130526,
            "SAM": 0.8195909261703491,
            "Time": 0.0
        },
        "gavyam_0823-0950-1": {
            "MPSNR": 16.32938982370518,
            "MSSIM": 0.2499701304949601,
            "SAM": 0.7910783886909485,
            "Time": 0.0
        },
        "objects_0924-1639": {
            "MPSNR": 15.84714574884664,
            "MSSIM": 0.25615437871211905,
            "SAM": 0.8931057453155518,
            "Time": 0.0
        },
        "objects_0924-1558": {
            "MPSNR": 15.250725376244311,
            "MSSIM": 0.21800712043208006,
            "SAM": 0.8714742064476013,
            "Time": 0.0
        },
        "objects_0924-1612": {
            "MPSNR": 15.834728369819741,
            "MSSIM": 0.23408149424452065,
            "SAM": 0.8616138100624084,
            "Time": 0.0
        },
        "objects_0924-1624": {
            "MPSNR": 15.613198536142459,
            "MSSIM": 0.21367606536436126,
            "SAM": 0.7642155885696411,
            "Time": 0.0
        },
        "Lehavim_0910-1633": {
            "MPSNR": 16.192305924561722,
            "MSSIM": 0.2250179361490793,
            "SAM": 1.0758382081985474,
            "Time": 0.0
        },
        "bulb_0822-0903": {
            "MPSNR": 16.521367753164533,
            "MSSIM": 0.2412105368263292,
            "SAM": 0.8998326063156128,
            "Time": 0.0
        },
        "Lehavim_0910-1718": {
            "MPSNR": 17.081740375618526,
            "MSSIM": 0.2486492623081559,
            "SAM": 1.017496109008789,
            "Time": 0.0
        },
        "objects_0924-1633": {
            "MPSNR": 16.505224459058258,
            "MSSIM": 0.24429938169234225,
            "SAM": 0.8022751808166504,
            "Time": 0.0
        },
        "nachal_0823-1210-4": {
            "MPSNR": 14.081467983435537,
            "MSSIM": 0.16598943055255877,
            "SAM": 0.8160548210144043,
            "Time": 0.0
        },
        "nachal_0823-1145": {
            "MPSNR": 14.311056176608279,
            "MSSIM": 0.17625687709794785,
            "SAM": 0.41011807322502136,
            "Time": 0.0
        },
        "nachal_0823-1220": {
            "MPSNR": 15.912838193831336,
            "MSSIM": 0.23138225557966507,
            "SAM": 0.8643590211868286,
            "Time": 0.0
        },
        "nachal_0823-1152": {
            "MPSNR": 15.546335241073187,
            "MSSIM": 0.22758356271374233,
            "SAM": 0.8003338575363159,
            "Time": 0.0
        },
        "objects_0924-1610": {
            "MPSNR": 14.466971603776631,
            "MSSIM": 0.1888602979194481,
            "SAM": 0.9511626362800598,
            "Time": 0.0
        },
        "nachal_0823-1213": {
            "MPSNR": 15.812827936778497,
            "MSSIM": 0.222937240724883,
            "SAM": 0.8535636067390442,
            "Time": 0.0
        },
        "objects_0924-1631": {
            "MPSNR": 14.68273333145913,
            "MSSIM": 0.17345594164683067,
            "SAM": 0.7834340929985046,
            "Time": 0.0
        },
        "negev_0823-1005": {
            "MPSNR": 15.913832783303555,
            "MSSIM": 0.2628011514054188,
            "SAM": 0.5941205024719238,
            "Time": 0.0
        },
        "Lehavim_0910-1640": {
            "MPSNR": 15.523413729375925,
            "MSSIM": 0.2398928055907437,
            "SAM": 0.9314600825309753,
            "Time": 0.0
        },
        "Labtest_0910-1506": {
            "MPSNR": 15.957323623176611,
            "MSSIM": 0.21773919097417593,
            "SAM": 0.96407151222229,
            "Time": 0.0
        },
        "objects_0924-1652": {
            "MPSNR": 15.16629522053041,
            "MSSIM": 0.2039711598504256,
            "SAM": 0.8293231129646301,
            "Time": 0.0
        },
        "Lehavim_0910-1629": {
            "MPSNR": 14.984145814422648,
            "MSSIM": 0.1846949032950884,
            "SAM": 1.0097767114639282,
            "Time": 0.0
        },
        "Lehavim_0910-1708": {
            "MPSNR": 15.64600298717893,
            "MSSIM": 0.2292551978947795,
            "SAM": 0.8406336903572083,
            "Time": 0.0
        },
        "objects_0924-1629": {
            "MPSNR": 15.532058076252175,
            "MSSIM": 0.2090761925559688,
            "SAM": 0.8298961520195007,
            "Time": 0.0
        },
        "Lehavim_0910-1627": {
            "MPSNR": 15.516051858507623,
            "MSSIM": 0.20519715356309523,
            "SAM": 0.9451318383216858,
            "Time": 0.0
        },
        "objects_0924-1622": {
            "MPSNR": 16.97365192938305,
            "MSSIM": 0.28163809976205667,
            "SAM": 0.8599414825439453,