{
    "avg": {
        "MPSNR": 38.98765093192306,
        "MSSIM": 0.9736921067118456,
        "SAM": 0.10639182850718498,
        "Time": 0.27015686274509804
    },
    "detail": {
        "nachal_0823-1147": {
            "MPSNR": 39.05987409000214,
            "MSSIM": 0.9850432806604519,
            "SAM": 0.039728324860334396,
            "Time": 0.279
        },
        "objects_0924-1600": {
            "MPSNR": 37.09014089910912,
            "MSSIM": 0.9735620887811618,
            "SAM": 0.09484581649303436,
            "Time": 0.27
        },
        "objects_0924-1601": {
            "MPSNR": 38.2681101519976,
            "MSSIM": 0.9847664247225107,
            "SAM": 0.061708804219961166,
            "Time": 0.27
        },
        "Labtest_0910-1510": {
            "MPSNR": 40.4092104505073,
            "MSSIM": 0.9540868875125158,
            "SAM": 0.20680606365203857,
            "Time": 0.27
        },
        "Lehavim_0910-1725": {
            "MPSNR": 39.084432006601055,
            "MSSIM": 0.9758610082821998,
            "SAM": 0.12061016261577606,
            "Time": 0.27
        },
        "lehavim_0910-1605": {
            "MPSNR": 38.18029131995046,
            "MSSIM": 0.9774708280585448,
            "SAM": 0.11250986903905869,
            "Time": 0.269
        },
        "objects_0924-1556": {
            "MPSNR": 39.357162011847585,
            "MSSIM": 0.970724821528227,
            "SAM": 0.1250932663679123,
            "Time": 0.269
        },
        "gavyam_0823-0945": {
            "MPSNR": 37.26016073423166,
            "MSSIM": 0.9626767855412738,
            "SAM": 0.13794571161270142,
            "Time": 0.272
        },
        "objects_0924-1620": {
            "MPSNR": 40.40296479849393,
            "MSSIM": 0.9914236720413737,
            "SAM": 0.04136880114674568,
            "Time": 0.27
        },
        "objects_0924-1619": {
            "MPSNR": 39.225403679067696,
            "MSSIM": 0.986856106807415,
            "SAM": 0.07211887091398239,
            "Time": 0.269
        },
        "IDS_COLORCHECK_1020-1223": {
            "MPSNR": 37.75509368227965,
            "MSSIM": 0.9843746805906312,
            "SAM": 0.03572860732674599,
            "Time": 0.269
        },
        "Labtest_0910-1502": {
            "MPSNR": 37.13116020551192,
            "MSSIM": 0.9513404651302928,
            "SAM": 0.20855319499969482,
            "Time": 0.27
        },
        "objects_0924-1634": {
            "MPSNR": 39.10483655445101,
            "MSSIM": 0.9871477419181717,
            "SAM": 0.029785720631480217,
            "Time": 0.27
        },
        "lehavim_0910-1607": {
            "MPSNR": 35.69213616097371,
            "MSSIM": 0.9000453658105058,
            "SAM": 0.34105342626571655,
            "Time": 0.27
        },
        "Lehavim_0910-1622": {
            "MPSNR": 41.098370018984006,
            "MSSIM": 0.9772977246200459,
            "SAM": 0.11941855400800705,
            "Time": 0.27
        },
        "tree_0822-0853": {
            "MPSNR": 38.668852847663054,
            "MSSIM": 0.9775382641355526,
            "SAM": 0.04644547775387764,
            "Time": 0.27
        },
        "objects_0924-1605": {
            "MPSNR": 39.16381448512614,
            "MSSIM": 0.9864025565890363,
            "SAM": 0.05969734489917755,
            "Time": 0.27
        },
        "gavyam_0823-0950-1": {
            "MPSNR": 38.15540124564229,
            "MSSIM": 0.9739067476653481,
            "SAM": 0.06782325357198715,
            "Time": 0.269
        },
        "objects_0924-1639": {
            "MPSNR": 38.374872988396646,
            "MSSIM": 0.9838195265129049,
            "SAM": 0.08055059611797333,
            "Time": 0.267
        },
        "objects_0924-1558": {
            "MPSNR": 40.81968162284098,
            "MSSIM": 0.9892656765638476,
            "SAM": 0.0657242015004158,
            "Time": 0.27
        },
        "objects_0924-1612": {
            "MPSNR": 40.58864975533534,
            "MSSIM": 0.9905508058852883,
            "SAM": 0.05008450150489807,
            "Time": 0.271
        },
        "objects_0924-1624": {
            "MPSNR": 40.09336658749908,
            "MSSIM": 0.9905750314073127,
            "SAM": 0.049002550542354584,
            "Time": 0.27
        },
        "Lehavim_0910-1633": {
            "MPSNR": 39.99109530613395,
            "MSSIM": 0.934704969785731,
            "SAM": 0.3451785147190094,
            "Time": 0.27
        },
        "bulb_0822-0903": {
            "MPSNR": 40.65319435156222,
            "MSSIM": 0.9788625044638671,
            "SAM": 0.10405094176530838,
            "Time": 0.27
        },
        "Lehavim_0910-1718": {
            "MPSNR": 38.78993768380163,
            "MSSIM": 0.9181693221331836,
            "SAM": 0.4249698519706726,
            "Time": 0.269
        },
        "objects_0924-1633": {
            "MPSNR": 39.896516880579796,
            "MSSIM": 0.9884833049944378,
            "SAM": 0.05151582509279251,
            "Time": 0.271
        },
        "nachal_0823-1210-4": {
            "MPSNR": 39.098603485810955,
            "MSSIM": 0.9836669184372613,
            "SAM": 0.05473363772034645,
            "Time": 0.271
        },
        "nachal_0823-1145": {
            "MPSNR": 37.30064931004234,
            "MSSIM": 0.9862531942740573,
            "SAM": 0.03407498076558113,
            "Time": 0.27
        },
        "nachal_0823-1220": {
            "MPSNR": 38.09082437800054,
            "MSSIM": 0.9559837329688723,
            "SAM": 0.16874606907367706,
            "Time": 0.27
        },
        "nachal_0823-1152": {
            "MPSNR": 40.12965320445406,
            "MSSIM": 0.9837551263733553,
            "SAM": 0.0531076081097126,
            "Time": 0.271
        },
        "objects_0924-1610": {
            "MPSNR": 41.156360698837766,
            "MSSIM": 0.9870246431870328,
            "SAM": 0.09817084670066833,
            "Time": 0.269
        },
        "nachal_0823-1213": {
            "MPSNR": 38.96590457299759,
            "MSSIM": 0.9813075587879877,
            "SAM": 0.07144827395677567,
            "Time": 0.27
        },
        "objects_0924-1631": {
            "MPSNR": 38.198704630757575,
            "MSSIM": 0.9873166711770324,
            "SAM": 0.058145370334386826,
            "Time": 0.27
        },
        "negev_0823-1005": {
            "MPSNR": 36.81829677751579,
            "MSSIM": 0.975112304464884,
            "SAM": 0.029136408120393753,
            "Time": 0.27
        },
        "Lehavim_0910-1640": {
            "MPSNR": 40.28709772578851,
            "MSSIM": 0.9810093478558397,
            "SAM": 0.08297177404165268,
            "Time": 0.27
        },
        "Labtest_0910-1506": {
            "MPSNR": 38.89680169300496,
            "MSSIM": 0.9734588098114623,
            "SAM": 0.14731036126613617,
            "Time": 0.269
        },
        "objects_0924-1652": {
            "MPSNR": 39.855122761912355,
            "MSSIM": 0.9836317255983891,
            "SAM": 0.05522885173559189,
            "Time": 0.27
        },
        "Lehavim_0910-1629": {
            "MPSNR": 37.49870811855225,
            "MSSIM": 0.9381807951365927,
            "SAM": 0.2941759526729584,
            "Time": 0.271
        },
        "Lehavim_0910-1708": {
            "MPSNR": 39.995045362183774,
            "MSSIM": 0.9819751603355311,
            "SAM": 0.05736681446433067,
            "Time": 0.271
        },
        "objects_0924-1629": {
            "MPSNR": 39.59177599133762,
            "MSSIM": 0.9875136597842472,
            "SAM": 0.06030812859535217,
            "Time": 0.269
        },
        "Lehavim_0910-1627": {
            "MPSNR": 35.536828984537216,
            "MSSIM": 0.9005535818660662,
            "SAM": 0.2200368195772171,
            "Time": 0.27
        },
        "objects_0924-1622": {
            "MPSNR": 39.49053407556579,