{
    "avg": {
        "MPSNR": 43.98084787345287,
        "MSSIM": 0.993111940921419,
        "SAM": 0.03979555694568975,
        "Time": 0.5709215686274511
    },
    "detail": {
        "nachal_0823-1147": {
            "MPSNR": 41.688054516377946,
            "MSSIM": 0.9890127710347767,
            "SAM": 0.026922602206468582,
            "Time": 0.575
        },
        "objects_0924-1600": {
            "MPSNR": 42.549305196468566,
            "MSSIM": 0.9940182030280066,
            "SAM": 0.03660983592271805,
            "Time": 0.568
        },
        "objects_0924-1601": {
            "MPSNR": 43.856605889667605,
            "MSSIM": 0.9949136624801369,
            "SAM": 0.029786840081214905,
            "Time": 0.567
        },
        "Labtest_0910-1510": {
            "MPSNR": 46.39769054057626,
            "MSSIM": 0.9940581578700415,
            "SAM": 0.06274240463972092,
            "Time": 0.569
        },
        "Lehavim_0910-1725": {
            "MPSNR": 44.249084262144486,
            "MSSIM": 0.9922701635288386,
            "SAM": 0.055408403277397156,
            "Time": 0.567
        },
        "lehavim_0910-1605": {
            "MPSNR": 42.71223613861171,
            "MSSIM": 0.9917666288307458,
            "SAM": 0.03911870718002319,
            "Time": 0.568
        },
        "objects_0924-1556": {
            "MPSNR": 47.48990949435823,
            "MSSIM": 0.9964288913184001,
            "SAM": 0.04002024605870247,
            "Time": 0.571
        },
        "gavyam_0823-0945": {
            "MPSNR": 42.870973423418015,
            "MSSIM": 0.990141360570623,
            "SAM": 0.05477096885442734,
            "Time": 0.568
        },
        "objects_0924-1620": {
            "MPSNR": 44.440914521274166,
            "MSSIM": 0.9957711866673636,
            "SAM": 0.028722308576107025,
            "Time": 0.568
        },
        "objects_0924-1619": {
            "MPSNR": 44.364854794373116,
            "MSSIM": 0.99513865953572,
            "SAM": 0.03064655140042305,
            "Time": 0.571
        },
        "IDS_COLORCHECK_1020-1223": {
            "MPSNR": 43.567127728783724,
            "MSSIM": 0.9937419710209335,
            "SAM": 0.01933394744992256,
            "Time": 0.569
        },
        "Labtest_0910-1502": {
            "MPSNR": 43.84630998383871,
            "MSSIM": 0.9921886637075089,
            "SAM": 0.07011357694864273,
            "Time": 0.57
        },
        "objects_0924-1634": {
            "MPSNR": 43.3863250916679,
            "MSSIM": 0.9937121159960436,
            "SAM": 0.020184438675642014,
            "Time": 0.569
        },
        "lehavim_0910-1607": {
            "MPSNR": 44.448537199842264,
            "MSSIM": 0.9913722119330807,
            "SAM": 0.055547475814819336,
            "Time": 0.572
        },
        "Lehavim_0910-1622": {
            "MPSNR": 45.80610241966726,
            "MSSIM": 0.9940084330057428,
            "SAM": 0.050272319465875626,
            "Time": 0.57
        },
        "tree_0822-0853": {
            "MPSNR": 42.81386807409809,
            "MSSIM": 0.9901863727474425,
            "SAM": 0.03062541037797928,
            "Time": 0.57
        },
        "objects_0924-1605": {
            "MPSNR": 42.472451408492006,
            "MSSIM": 0.9931851253363899,
            "SAM": 0.03941306471824646,
            "Time": 0.569
        },
        "gavyam_0823-0950-1": {
            "MPSNR": 41.419720906722425,
            "MSSIM": 0.9862693505143463,
            "SAM": 0.040268220007419586,
            "Time": 0.573
        },
        "objects_0924-1639": {
            "MPSNR": 43.16087398183464,
            "MSSIM": 0.9937905519567446,
            "SAM": 0.041356563568115234,
            "Time": 0.57
        },
        "objects_0924-1558": {
            "MPSNR": 43.06399422079744,
            "MSSIM": 0.993652031370407,
            "SAM": 0.03979451209306717,
            "Time": 0.572
        },
        "objects_0924-1612": {
            "MPSNR": 44.55443040671804,
            "MSSIM": 0.9957332480412118,
            "SAM": 0.03061741776764393,
            "Time": 0.572
        },
        "objects_0924-1624": {
            "MPSNR": 43.60263566918839,
            "MSSIM": 0.9950152226593851,
            "SAM": 0.03131644427776337,
            "Time": 0.571
        },
        "Lehavim_0910-1633": {
            "MPSNR": 47.388933593402264,
            "MSSIM": 0.9942851593691052,
            "SAM": 0.07197815179824829,
            "Time": 0.569
        },
        "bulb_0822-0903": {
            "MPSNR": 45.09339758251651,
            "MSSIM": 0.9929114789062828,
            "SAM": 0.045379638671875,
            "Time": 0.574
        },
        "Lehavim_0910-1718": {
            "MPSNR": 46.60664985224212,
            "MSSIM": 0.9929187026869667,
            "SAM": 0.07209187746047974,
            "Time": 0.571
        },
        "objects_0924-1633": {
            "MPSNR": 45.263335756106315,
            "MSSIM": 0.9960889396676617,
            "SAM": 0.030979573726654053,
            "Time": 0.57
        },
        "nachal_0823-1210-4": {
            "MPSNR": 43.6402777894283,
            "MSSIM": 0.993375703505995,
            "SAM": 0.030978985130786896,
            "Time": 0.571
        },
        "nachal_0823-1145": {
            "MPSNR": 44.31694857192171,
            "MSSIM": 0.9957764030751055,
            "SAM": 0.012470380403101444,
            "Time": 0.572
        },
        "nachal_0823-1220": {
            "MPSNR": 44.66509166837823,
            "MSSIM": 0.9928485737433409,
            "SAM": 0.04001211002469063,
            "Time": 0.572
        },
        "nachal_0823-1152": {
            "MPSNR": 43.36477906736318,
            "MSSIM": 0.9913846388632443,
            "SAM": 0.03332746773958206,
            "Time": 0.57
        },
        "objects_0924-1610": {
            "MPSNR": 45.6579045810246,
            "MSSIM": 0.996155360881423,
            "SAM": 0.03897589072585106,
            "Time": 0.571
        },
        "nachal_0823-1213": {
            "MPSNR": 43.62037413044285,
            "MSSIM": 0.9916706600816093,
            "SAM": 0.03387299180030823,
            "Time": 0.573
        },
        "objects_0924-1631": {
            "MPSNR": 42.48327923694818,
            "MSSIM": 0.9940913527949418,
            "SAM": 0.03306753560900688,
            "Time": 0.571
        },
        "negev_0823-1005": {
            "MPSNR": 42.47834149349377,
            "MSSIM": 0.9922920166732498,
            "SAM": 0.017102427780628204,
            "Time": 0.573
        },
        "Lehavim_0910-1640": {
            "MPSNR": 42.39101924066903,
            "MSSIM": 0.9882761810658043,
            "SAM": 0.04887009784579277,
            "Time": 0.573
        },
        "Labtest_0910-1506": {
            "MPSNR": 44.17130821649181,
            "MSSIM": 0.9924428695892126,
            "SAM": 0.0635906457901001,
            "Time": 0.57
        },
        "objects_0924-1652": {
            "MPSNR": 42.67641193834703,
            "MSSIM": 0.99112357796491,
            "SAM": 0.04501820728182793,
            "Time": 0.573
        },
        "Lehavim_0910-1629": {
            "MPSNR": 45.51129502148531,
            "MSSIM": 0.9923582392039781,
            "SAM": 0.05299102142453194,
            "Time": 0.572
        },
        "Lehavim_0910-1708": {
            "MPSNR": 44.15188672239737,
            "MSSIM": 0.9922381925672801,
            "SAM": 0.03069886565208435,
            "Time": 0.572
        },
        "objects_0924-1629": {
            "MPSNR": 42.87910535709693,
            "MSSIM": 0.9937042079842694,
            "SAM": 0.0366019643843174,
            "Time": 0.573
        },
        "Lehavim_0910-1627": {
            "MPSNR": 44.811589951914435,
            "MSSIM": 0.9926262104554258,
            "SAM": 0.05818302184343338,
            "Time": 0.571
        },