{
    "avg": {
        "MPSNR": 43.349664244093,
        "MSSIM": 0.9921878487091271,
        "SAM": 0.042826990907390915,
        "Time": 0.4100784313725489
    },
    "detail": {
        "nachal_0823-1147": {
            "MPSNR": 41.00913288596759,
            "MSSIM": 0.9878985216477264,
            "SAM": 0.02962302975356579,
            "Time": 0.41
        },
        "objects_0924-1600": {
            "MPSNR": 41.7013754371627,
            "MSSIM": 0.9927000982848737,
            "SAM": 0.03881459683179855,
            "Time": 0.409
        },
        "objects_0924-1601": {
            "MPSNR": 42.74237673313158,
            "MSSIM": 0.9936180140134055,
            "SAM": 0.03250402212142944,
            "Time": 0.409
        },
        "Labtest_0910-1510": {
            "MPSNR": 45.685500374982304,
            "MSSIM": 0.9932023100451814,
            "SAM": 0.0709470584988594,
            "Time": 0.409
        },
        "Lehavim_0910-1725": {
            "MPSNR": 43.796737759214395,
            "MSSIM": 0.9917052613795222,
            "SAM": 0.05925226956605911,
            "Time": 0.409
        },
        "lehavim_0910-1605": {
            "MPSNR": 42.2374345528903,
            "MSSIM": 0.9910190664065496,
            "SAM": 0.041897185146808624,
            "Time": 0.408
        },
        "objects_0924-1556": {
            "MPSNR": 46.86594484957581,
            "MSSIM": 0.9955876127085822,
            "SAM": 0.04100334644317627,
            "Time": 0.41
        },
        "gavyam_0823-0945": {
            "MPSNR": 42.10273554714967,
            "MSSIM": 0.988322522867709,
            "SAM": 0.06013296917080879,
            "Time": 0.408
        },
        "objects_0924-1620": {
            "MPSNR": 43.76178234759078,
            "MSSIM": 0.9950325917720584,
            "SAM": 0.030249113216996193,
            "Time": 0.409
        },
        "objects_0924-1619": {
            "MPSNR": 43.767451715780595,
            "MSSIM": 0.9944640497062399,
            "SAM": 0.03232761099934578,
            "Time": 0.411
        },
        "IDS_COLORCHECK_1020-1223": {
            "MPSNR": 42.73060213269615,
            "MSSIM": 0.9930451355903671,
            "SAM": 0.02129390835762024,
            "Time": 0.41
        },
        "Labtest_0910-1502": {
            "MPSNR": 43.37261815919361,
            "MSSIM": 0.9912370595783864,
            "SAM": 0.07672792673110962,
            "Time": 0.412
        },
        "objects_0924-1634": {
            "MPSNR": 42.60195659709683,
            "MSSIM": 0.9930351656313339,
            "SAM": 0.022191058844327927,
            "Time": 0.412
        },
        "lehavim_0910-1607": {
            "MPSNR": 43.87717061577898,
            "MSSIM": 0.9907329563918538,
            "SAM": 0.060364753007888794,
            "Time": 0.411
        },
        "Lehavim_0910-1622": {
            "MPSNR": 45.24571241702695,
            "MSSIM": 0.9933243216012397,
            "SAM": 0.0546911284327507,
            "Time": 0.409
        },
        "tree_0822-0853": {
            "MPSNR": 42.311133364286675,
            "MSSIM": 0.9889399012271117,
            "SAM": 0.03403454273939133,
            "Time": 0.409
        },
        "objects_0924-1605": {
            "MPSNR": 41.923690962098846,
            "MSSIM": 0.9919998526148529,
            "SAM": 0.040132492780685425,
            "Time": 0.412
        },
        "gavyam_0823-0950-1": {
            "MPSNR": 40.7236722469017,
            "MSSIM": 0.9846324282030011,
            "SAM": 0.04233118146657944,
            "Time": 0.412
        },
        "objects_0924-1639": {
            "MPSNR": 42.69913849932978,
            "MSSIM": 0.9928838435170325,
            "SAM": 0.04200746864080429,
            "Time": 0.411
        },
        "objects_0924-1558": {
            "MPSNR": 42.634395009566184,
            "MSSIM": 0.9928092975797536,
            "SAM": 0.03990211710333824,
            "Time": 0.41
        },
        "objects_0924-1612": {
            "MPSNR": 44.06178930545799,
            "MSSIM": 0.9951468467504943,
            "SAM": 0.03169454634189606,
            "Time": 0.408
        },
        "objects_0924-1624": {
            "MPSNR": 42.951201691550125,
            "MSSIM": 0.9941700826829676,
            "SAM": 0.0328664630651474,
            "Time": 0.411
        },
        "Lehavim_0910-1633": {
            "MPSNR": 46.71436078149637,
            "MSSIM": 0.993319585516054,
            "SAM": 0.08435073494911194,
            "Time": 0.41
        },
        "bulb_0822-0903": {
            "MPSNR": 44.39100779210519,
            "MSSIM": 0.9919638227378568,
            "SAM": 0.05121689662337303,
            "Time": 0.41
        },
        "Lehavim_0910-1718": {
            "MPSNR": 46.1124411305416,
            "MSSIM": 0.9920000570171297,
            "SAM": 0.07870467007160187,
            "Time": 0.41
        },
        "objects_0924-1633": {
            "MPSNR": 44.59897274979007,
            "MSSIM": 0.9955372347142645,
            "SAM": 0.03324608504772186,
            "Time": 0.408
        },
        "nachal_0823-1210-4": {
            "MPSNR": 42.94331929241812,
            "MSSIM": 0.9921843501023117,
            "SAM": 0.03392277657985687,
            "Time": 0.41
        },
        "nachal_0823-1145": {
            "MPSNR": 43.097072411524465,
            "MSSIM": 0.99434756370915,
            "SAM": 0.014977887272834778,
            "Time": 0.41
        },
        "nachal_0823-1220": {
            "MPSNR": 43.84940201238832,
            "MSSIM": 0.9921019098716103,
            "SAM": 0.04315202683210373,
            "Time": 0.41
        },
        "nachal_0823-1152": {
            "MPSNR": 42.870484940055206,
            "MSSIM": 0.9906893389574785,
            "SAM": 0.035769023001194,
            "Time": 0.41
        },
        "objects_0924-1610": {
            "MPSNR": 45.216463395540494,
            "MSSIM": 0.9956537042244565,
            "SAM": 0.03940768539905548,
            "Time": 0.412
        },
        "nachal_0823-1213": {
            "MPSNR": 43.170195129102225,
            "MSSIM": 0.9909608831400161,
            "SAM": 0.03562931716442108,
            "Time": 0.408
        },
        "objects_0924-1631": {
            "MPSNR": 41.48506763228947,
            "MSSIM": 0.9928624277461263,
            "SAM": 0.035246945917606354,
            "Time": 0.413
        },
        "negev_0823-1005": {
            "MPSNR": 41.45015205415038,
            "MSSIM": 0.9913882786695959,
            "SAM": 0.019783517345786095,
            "Time": 0.41
        },
        "Lehavim_0910-1640": {
            "MPSNR": 41.81814898150293,
            "MSSIM": 0.9868837929422305,
            "SAM": 0.052153579890728,
            "Time": 0.409
        },
        "Labtest_0910-1506": {
            "MPSNR": 43.546489656400965,
            "MSSIM": 0.9913755798880848,
            "SAM": 0.067726731300354,
            "Time": 0.411
        },
        "objects_0924-1652": {
            "MPSNR": 42.68175830398426,
            "MSSIM": 0.9905598844333227,
            "SAM": 0.044628966599702835,
            "Time": 0.411
        },
        "Lehavim_0910-1629": {
            "MPSNR": 44.5342779616847,
            "MSSIM": 0.9910689773964017,
            "SAM": 0.05999703332781792,
            "Time": 0.412
        },
        "Lehavim_0910-1708": {
            "MPSNR": 43.57921135179824,
            "MSSIM": 0.991606403054939,
            "SAM": 0.03409677743911743,
            "Time": 0.411
        },
        "objects_0924-1629": {
            "MPSNR": 42.11962330582242,
            "MSSIM": 0.9924292018946971,
            "SAM": 0.03745786100625992,
            "Time": 0.409
        },
        "Lehavim_0910-1627": {
            "MPSNR": 44.137306745926416,
            "MSSIM": 0.9915175314334613,
            "SAM": 0.06357678025960922,
            "Time": 0.412
        },
        "objects_0924-1622": {
            "MPSNR": 44.29162744895498,