{
    "avg": {
        "MPSNR": 42.85791804127134,
        "MSSIM": 0.9896216931111367,
        "SAM": 0.048924351409077645,
        "Time": 0.27908000000000005
    },
    "detail": {
        "gavyam_0823-0933": {
            "MPSNR": 41.26629077010138,
            "MSSIM": 0.9884624716602212,
            "SAM": 0.025086339563131332,
            "Time": 0.716
        },
        "objects_0924-1557": {
            "MPSNR": 42.39126029498526,
            "MSSIM": 0.9929804469849149,
            "SAM": 0.031080344691872597,
            "Time": 0.27
        },
        "lehavim_0910-1600": {
            "MPSNR": 43.41970461676829,
            "MSSIM": 0.9908928038270787,
            "SAM": 0.023438088595867157,
            "Time": 0.27
        },
        "Lehavim_0910-1717": {
            "MPSNR": 43.62043595696229,
            "MSSIM": 0.9900364628613444,
            "SAM": 0.053636450320482254,
            "Time": 0.27
        },
        "gavyam_0823-0944": {
            "MPSNR": 41.29798992368272,
            "MSSIM": 0.9890556501329667,
            "SAM": 0.030776500701904297,
            "Time": 0.268
        },
        "nachal_0823-1222": {
            "MPSNR": 42.84146152203257,
            "MSSIM": 0.9897478505007284,
            "SAM": 0.0429290235042572,
            "Time": 0.269
        },
        "lehavim_0910-1610": {
            "MPSNR": 41.37367868877131,
            "MSSIM": 0.9857830177794817,
            "SAM": 0.0513078048825264,
            "Time": 0.272
        },
        "objects_0924-1623": {
            "MPSNR": 43.75189725486809,
            "MSSIM": 0.9948059873460731,
            "SAM": 0.03651698678731918,
            "Time": 0.27
        },
        "objects_0924-1650": {
            "MPSNR": 41.13268174226541,
            "MSSIM": 0.988591664541518,
            "SAM": 0.04934438690543175,
            "Time": 0.27
        },
        "nachal_0823-1214": {
            "MPSNR": 40.55568918567804,
            "MSSIM": 0.9842620353008967,
            "SAM": 0.030086901038885117,
            "Time": 0.271
        },
        "Labtest_0910-1504": {
            "MPSNR": 47.81372027718056,
            "MSSIM": 0.9934818252146691,
            "SAM": 0.08874867856502533,
            "Time": 0.27
        },
        "objects_0924-1648": {
            "MPSNR": 42.07790487309255,
            "MSSIM": 0.9922208336915569,
            "SAM": 0.04111569747328758,
            "Time": 0.27
        },
        "rmt_0328-1249-1": {
            "MPSNR": 45.029373231439045,
            "MSSIM": 0.990579243344693,
            "SAM": 0.07507525384426117,
            "Time": 0.27
        },
        "Labtest_0910-1509": {
            "MPSNR": 43.16195885684629,
            "MSSIM": 0.9853395796371144,
            "SAM": 0.08095680922269821,
            "Time": 0.271
        },
        "objects_0924-1611": {
            "MPSNR": 42.67615915738448,
            "MSSIM": 0.9934047159625689,
            "SAM": 0.031012598425149918,
            "Time": 0.27
        },
        "nachal_0823-1127": {
            "MPSNR": 42.36725777901592,
            "MSSIM": 0.9894410003399187,
            "SAM": 0.0323050394654274,
            "Time": 0.271
        },
        "IDS_COLORCHECK_1020-1215-1": {
            "MPSNR": 46.75799489090919,
            "MSSIM": 0.995061335346066,
            "SAM": 0.04213457182049751,
            "Time": 0.271
        },
        "Labtest_0910-1513": {
            "MPSNR": 42.06655530798373,
            "MSSIM": 0.9897168839757908,
            "SAM": 0.06474689394235611,
            "Time": 0.27
        },
        "selfie_0822-0906": {
            "MPSNR": 40.80580128009384,
            "MSSIM": 0.9849132257187595,
            "SAM": 0.02689751237630844,
            "Time": 0.272
        },
        "nachal_0823-1118": {
            "MPSNR": 41.243355851956395,
            "MSSIM": 0.9860102428398789,
            "SAM": 0.04712031036615372,
            "Time": 0.27
        },
        "objects_0924-1617": {
            "MPSNR": 42.68371298635244,
            "MSSIM": 0.9934514797550682,
            "SAM": 0.031062889844179153,
            "Time": 0.271
        },
        "ulm_0328-1118": {
            "MPSNR": 42.66065913409446,
            "MSSIM": 0.9920906279841056,
            "SAM": 0.0332699678838253,
            "Time": 0.27
        },
        "Lehavim_0910-1716": {
            "MPSNR": 46.02027020628129,
            "MSSIM": 0.9907319790044198,
            "SAM": 0.07146095484495163,
            "Time": 0.269
        },
        "Lehavim_0910-1635": {
            "MPSNR": 36.76983823943099,
            "MSSIM": 0.9680711254512157,
            "SAM": 0.0678274855017662,
            "Time": 0.27
        },
        "objects_0924-1607": {
            "MPSNR": 42.65238319481423,
            "MSSIM": 0.9932577122371015,
            "SAM": 0.03258945792913437,
            "Time": 0.271
        },
        "objects_0924-1625": {
            "MPSNR": 41.473240990308746,
            "MSSIM": 0.9918397819570671,
            "SAM": 0.03526850789785385,
            "Time": 0.27
        },
        "nachal_0823-1144": {
            "MPSNR": 42.42494933032447,
            "MSSIM": 0.9891341666625747,
            "SAM": 0.03488079458475113,
            "Time": 0.271
        },
        "nachal_0823-1121": {
            "MPSNR": 41.1383339883255,
            "MSSIM": 0.9877743408727332,
            "SAM": 0.03632798045873642,
            "Time": 0.27
        },
        "gavyam_0823-0930": {
            "MPSNR": 40.56441821698958,
            "MSSIM": 0.9800214843639394,
            "SAM": 0.07269272953271866,
            "Time": 0.271
        },
        "objects_0924-1628": {
            "MPSNR": 44.183499243815454,
            "MSSIM": 0.994663774259593,
            "SAM": 0.0381651371717453,
            "Time": 0.268
        },
        "rmt_0328-1241-1": {
            "MPSNR": 39.661785776815655,
            "MSSIM": 0.9840687799775921,
            "SAM": 0.023290537297725677,
            "Time": 0.27
        },
        "objects_0924-1641": {
            "MPSNR": 41.29791232774331,
            "MSSIM": 0.9910383536781041,
            "SAM": 0.04415444657206535,
            "Time": 0.27
        },
        "nachal_0823-1223": {
            "MPSNR": 42.56329390699641,
            "MSSIM": 0.9910115582215074,
            "SAM": 0.03153369203209877,
            "Time": 0.271
        },
        "objects_0924-1614": {
            "MPSNR": 42.83565874758136,
            "MSSIM": 0.9935593699582989,
            "SAM": 0.031400591135025024,
            "Time": 0.269
        },
        "nachal_0823-1047": {
            "MPSNR": 40.399269450678986,
            "MSSIM": 0.9880992053530858,
            "SAM": 0.025664430111646652,
            "Time": 0.27
        },
        "negev_0823-1003": {
            "MPSNR": 41.67659027964386,
            "MSSIM": 0.9871260258717216,
            "SAM": 0.021579524502158165,
            "Time": 0.27
        },
        "Lehavim_0910-1626": {
            "MPSNR": 39.7095419036954,
            "MSSIM": 0.9767440697374654,
            "SAM": 0.04604864865541458,
            "Time": 0.269
        },
        "nachal_0823-1149": {
            "MPSNR": 39.92818388831316,
            "MSSIM": 0.982426059214206,
            "SAM": 0.08143153786659241,
            "Time": 0.269
        },
        "objects_0924-1602": {
            "MPSNR": 42.34021419620985,
            "MSSIM": 0.9927888780590917,
            "SAM": 0.03579235076904297,
            "Time": 0.271
        },
        "nachal_0823-1217": {
            "MPSNR": 41.86953945740545,
            "MSSIM": 0.9884958245990282,
            "SAM": 0.03695819154381752,
            "Time": 0.27
        },
        "CC_40D_2_1103-0917": {
            "MPSNR": 43.02971691446776,
            "MSSIM": 0.9934226299287239,
            "SAM": 0.02213028445839882,
            "Time": 0.27
        },
        "Master2900k": {
            "MPSNR": 51.96323122943146,