{
    "avg": {
        "MPSNR": 40.240804524644645,
        "MSSIM": 0.9753174503620736,
        "SAM": 0.09331201517260541,
        "Time": 0.5745490196078432
    },
    "detail": {
        "nachal_0823-1147": {
            "MPSNR": 40.722937532590024,
            "MSSIM": 0.98753555417465,
            "SAM": 0.0324542261660099,
            "Time": 0.577
        },
        "objects_0924-1600": {
            "MPSNR": 38.72002619802832,
            "MSSIM": 0.974828290766831,
            "SAM": 0.0926569402217865,
            "Time": 0.574
        },
        "objects_0924-1601": {
            "MPSNR": 39.85703870816979,
            "MSSIM": 0.988606117614601,
            "SAM": 0.05530112236738205,
            "Time": 0.577
        },
        "Labtest_0910-1510": {
            "MPSNR": 41.735084920345926,
            "MSSIM": 0.9611655943003666,
            "SAM": 0.15024548768997192,
            "Time": 0.577
        },
        "Lehavim_0910-1725": {
            "MPSNR": 38.911644104563585,
            "MSSIM": 0.9654891096832892,
            "SAM": 0.15094435214996338,
            "Time": 0.574
        },
        "lehavim_0910-1605": {
            "MPSNR": 39.14597878533417,
            "MSSIM": 0.979203151639827,
            "SAM": 0.11642339825630188,
            "Time": 0.576
        },
        "objects_0924-1556": {
            "MPSNR": 38.505235259105376,
            "MSSIM": 0.9618282801872889,
            "SAM": 0.12112991511821747,
            "Time": 0.577
        },
        "gavyam_0823-0945": {
            "MPSNR": 39.03919536494519,
            "MSSIM": 0.9706221180606694,
            "SAM": 0.10239715129137039,
            "Time": 0.575
        },
        "objects_0924-1620": {
            "MPSNR": 42.825105275236595,
            "MSSIM": 0.9942535729345077,
            "SAM": 0.03316160663962364,
            "Time": 0.575
        },
        "objects_0924-1619": {
            "MPSNR": 40.619142614088325,
            "MSSIM": 0.9893158148801159,
            "SAM": 0.07408510148525238,
            "Time": 0.574
        },
        "IDS_COLORCHECK_1020-1223": {
            "MPSNR": 39.13539527561382,
            "MSSIM": 0.9873206579097433,
            "SAM": 0.03130669519305229,
            "Time": 0.573
        },
        "Labtest_0910-1502": {
            "MPSNR": 37.03302503152049,
            "MSSIM": 0.9371457335244773,
            "SAM": 0.23560753464698792,
            "Time": 0.575
        },
        "objects_0924-1634": {
            "MPSNR": 40.66768160444888,
            "MSSIM": 0.9899705684951086,
            "SAM": 0.02697443589568138,
            "Time": 0.574
        },
        "lehavim_0910-1607": {
            "MPSNR": 37.508616286900505,
            "MSSIM": 0.9194916425998596,
            "SAM": 0.23699402809143066,
            "Time": 0.575
        },
        "Lehavim_0910-1622": {
            "MPSNR": 41.292203578696636,
            "MSSIM": 0.9687617855691119,
            "SAM": 0.11112520098686218,
            "Time": 0.576
        },
        "tree_0822-0853": {
            "MPSNR": 39.039760219511535,
            "MSSIM": 0.9740128614516442,
            "SAM": 0.055606041103601456,
            "Time": 0.574
        },
        "objects_0924-1605": {
            "MPSNR": 41.408824973352026,
            "MSSIM": 0.9923521241922812,
            "SAM": 0.041866131126880646,
            "Time": 0.575
        },
        "gavyam_0823-0950-1": {
            "MPSNR": 38.943691180084656,
            "MSSIM": 0.9716713086464811,
            "SAM": 0.06391746550798416,
            "Time": 0.576
        },
        "objects_0924-1639": {
            "MPSNR": 40.22011925613163,
            "MSSIM": 0.9838721244532402,
            "SAM": 0.07715651392936707,
            "Time": 0.573
        },
        "objects_0924-1558": {
            "MPSNR": 42.28001464752596,
            "MSSIM": 0.9913611484079318,
            "SAM": 0.06519410014152527,
            "Time": 0.573
        },
        "objects_0924-1612": {
            "MPSNR": 41.95265260906684,
            "MSSIM": 0.9929468040516178,
            "SAM": 0.044429659843444824,
            "Time": 0.576
        },
        "objects_0924-1624": {
            "MPSNR": 42.0990152192287,
            "MSSIM": 0.9931649483735409,
            "SAM": 0.042839422821998596,
            "Time": 0.575
        },
        "Lehavim_0910-1633": {
            "MPSNR": 40.050058991812996,
            "MSSIM": 0.9184670124529506,
            "SAM": 0.3329969644546509,
            "Time": 0.571
        },
        "bulb_0822-0903": {
            "MPSNR": 40.96090377205711,
            "MSSIM": 0.9722111108471566,
            "SAM": 0.10166843235492706,
            "Time": 0.575
        },
        "Lehavim_0910-1718": {
            "MPSNR": 38.909518034946494,
            "MSSIM": 0.913055241372343,
            "SAM": 0.34427547454833984,
            "Time": 0.573
        },
        "objects_0924-1633": {
            "MPSNR": 41.161552390433414,
            "MSSIM": 0.9913310947359874,
            "SAM": 0.046236827969551086,
            "Time": 0.576
        },
        "nachal_0823-1210-4": {
            "MPSNR": 40.65380747362176,
            "MSSIM": 0.986199648235657,
            "SAM": 0.04884985461831093,
            "Time": 0.575
        },
        "nachal_0823-1145": {
            "MPSNR": 41.06917922983055,
            "MSSIM": 0.9915820278398207,
            "SAM": 0.018623337149620056,
            "Time": 0.574
        },
        "nachal_0823-1220": {
            "MPSNR": 39.448928519087524,
            "MSSIM": 0.9637384626785273,
            "SAM": 0.10700556635856628,
            "Time": 0.575
        },
        "nachal_0823-1152": {
            "MPSNR": 41.48644780949836,
            "MSSIM": 0.985543702087086,
            "SAM": 0.04866780713200569,
            "Time": 0.574
        },
        "objects_0924-1610": {
            "MPSNR": 42.639320511084804,
            "MSSIM": 0.9879282324699594,
            "SAM": 0.11147832125425339,
            "Time": 0.573
        },
        "nachal_0823-1213": {
            "MPSNR": 40.63021192487563,
            "MSSIM": 0.9848564426260031,
            "SAM": 0.059812866151332855,
            "Time": 0.575
        },
        "objects_0924-1631": {
            "MPSNR": 40.14953372320298,
            "MSSIM": 0.9915908954417193,
            "SAM": 0.0527094304561615,
            "Time": 0.575
        },
        "negev_0823-1005": {
            "MPSNR": 38.711543643159885,
            "MSSIM": 0.9813452447624995,
            "SAM": 0.022073041647672653,
            "Time": 0.574
        },
        "Lehavim_0910-1640": {
            "MPSNR": 40.670521000918924,
            "MSSIM": 0.9798519224360732,
            "SAM": 0.07955068349838257,
            "Time": 0.573
        },
        "Labtest_0910-1506": {
            "MPSNR": 40.65292592144611,
            "MSSIM": 0.9802702249636288,
            "SAM": 0.09724775701761246,
            "Time": 0.574
        },
        "objects_0924-1652": {
            "MPSNR": 40.15791860429918,
            "MSSIM": 0.9843428098959197,
            "SAM": 0.054448872804641724,
            "Time": 0.576
        },
        "Lehavim_0910-1629": {
            "MPSNR": 39.47148857506181,
            "MSSIM": 0.9564385354573456,
            "SAM": 0.19967986643314362,
            "Time": 0.575
        },
        "Lehavim_0910-1708": {
            "MPSNR": 41.02302341583008,
            "MSSIM": 0.9837902256698462,
            "SAM": 0.052713412791490555,
            "Time": 0.573
        },
        "objects_0924-1629": {
            "MPSNR": 40.83768642467503,
            "MSSIM": 0.9886178501884296,
            "SAM": 0.05475036799907684,
            "Time": 0.575
        },
        "Lehavim_0910-1627": {
            "MPSNR": 36.76964545183636,
            "MSSIM": 0.9103901400161125,
            "SAM": 0.20248934626579285,
            "Time": 0.573
        },