{
    "avg": {
        "MPSNR": 41.11782648719938,
        "MSSIM": 0.9845218075256646,
        "SAM": 0.053635361082851885,
        "Time": 0.41062
    },
    "detail": {
        "gavyam_0823-0933": {
            "MPSNR": 39.291993283654826,
            "MSSIM": 0.9823812408548679,
            "SAM": 0.028392715379595757,
            "Time": 0.417
        },
        "objects_0924-1557": {
            "MPSNR": 40.78275985645512,
            "MSSIM": 0.9902599587507327,
            "SAM": 0.03529435023665428,
            "Time": 0.411
        },
        "lehavim_0910-1600": {
            "MPSNR": 41.7906251576947,
            "MSSIM": 0.9869370865231141,
            "SAM": 0.02490880899131298,
            "Time": 0.41
        },
        "Lehavim_0910-1717": {
            "MPSNR": 41.44402841390855,
            "MSSIM": 0.9830259261730526,
            "SAM": 0.057576682418584824,
            "Time": 0.413
        },
        "gavyam_0823-0944": {
            "MPSNR": 39.267115808524395,
            "MSSIM": 0.9827696915479425,
            "SAM": 0.03595698997378349,
            "Time": 0.409
        },
        "nachal_0823-1222": {
            "MPSNR": 40.96729678645817,
            "MSSIM": 0.9838735381290896,
            "SAM": 0.04958329722285271,
            "Time": 0.412
        },
        "lehavim_0910-1610": {
            "MPSNR": 39.44816683418817,
            "MSSIM": 0.9781646151985756,
            "SAM": 0.05513133853673935,
            "Time": 0.411
        },
        "objects_0924-1623": {
            "MPSNR": 42.13297154439362,
            "MSSIM": 0.992956459942207,
            "SAM": 0.04140257090330124,
            "Time": 0.409
        },
        "objects_0924-1650": {
            "MPSNR": 39.461996728825675,
            "MSSIM": 0.9837481212317946,
            "SAM": 0.05689617246389389,
            "Time": 0.412
        },
        "nachal_0823-1214": {
            "MPSNR": 38.76648486416401,
            "MSSIM": 0.9772025468266726,
            "SAM": 0.03132834658026695,
            "Time": 0.41
        },
        "Labtest_0910-1504": {
            "MPSNR": 46.108578654082685,
            "MSSIM": 0.9898012741355212,
            "SAM": 0.0940069779753685,
            "Time": 0.413
        },
        "objects_0924-1648": {
            "MPSNR": 40.37010119898256,
            "MSSIM": 0.9892413074828865,
            "SAM": 0.047253165394067764,
            "Time": 0.41
        },
        "rmt_0328-1249-1": {
            "MPSNR": 43.16761765518004,
            "MSSIM": 0.9856671157358291,
            "SAM": 0.08190111070871353,
            "Time": 0.408
        },
        "Labtest_0910-1509": {
            "MPSNR": 41.42274632462248,
            "MSSIM": 0.9776284808255006,
            "SAM": 0.09079793095588684,
            "Time": 0.412
        },
        "objects_0924-1611": {
            "MPSNR": 41.055935364977785,
            "MSSIM": 0.990831927692563,
            "SAM": 0.03502665087580681,
            "Time": 0.409
        },
        "nachal_0823-1127": {
            "MPSNR": 40.60770324745199,
            "MSSIM": 0.9850231226004733,
            "SAM": 0.03502298519015312,
            "Time": 0.41
        },
        "IDS_COLORCHECK_1020-1215-1": {
            "MPSNR": 44.69589762401052,
            "MSSIM": 0.9921956935179054,
            "SAM": 0.05003084987401962,
            "Time": 0.411
        },
        "Labtest_0910-1513": {
            "MPSNR": 40.330388742469914,
            "MSSIM": 0.9842010389032375,
            "SAM": 0.06897182762622833,
            "Time": 0.411
        },
        "selfie_0822-0906": {
            "MPSNR": 39.00696274176581,
            "MSSIM": 0.9774929506408858,
            "SAM": 0.032414473593235016,
            "Time": 0.412
        },
        "nachal_0823-1118": {
            "MPSNR": 39.307695196268014,
            "MSSIM": 0.9782563003618641,
            "SAM": 0.050227705389261246,
            "Time": 0.41
        },
        "objects_0924-1617": {
            "MPSNR": 41.09795303156689,
            "MSSIM": 0.9909444383386194,
            "SAM": 0.034818995743989944,
            "Time": 0.411
        },
        "ulm_0328-1118": {
            "MPSNR": 40.68318674615778,
            "MSSIM": 0.9879862101767638,
            "SAM": 0.03895425423979759,
            "Time": 0.412
        },
        "Lehavim_0910-1716": {
            "MPSNR": 44.003757337502286,
            "MSSIM": 0.9845247812641357,
            "SAM": 0.08086847513914108,
            "Time": 0.412
        },
        "Lehavim_0910-1635": {
            "MPSNR": 35.073896571708495,
            "MSSIM": 0.9558832290027579,
            "SAM": 0.07284605503082275,
            "Time": 0.409
        },
        "objects_0924-1607": {
            "MPSNR": 40.97807812881237,
            "MSSIM": 0.9904881111848703,
            "SAM": 0.036607880145311356,
            "Time": 0.411
        },
        "objects_0924-1625": {
            "MPSNR": 39.82821271019525,
            "MSSIM": 0.9887908376754745,
            "SAM": 0.04062516242265701,
            "Time": 0.409
        },
        "nachal_0823-1144": {
            "MPSNR": 40.50102375481412,
            "MSSIM": 0.9830845080222012,
            "SAM": 0.03718728572130203,
            "Time": 0.409
        },
        "nachal_0823-1121": {
            "MPSNR": 39.24668517354949,
            "MSSIM": 0.9817018054912036,
            "SAM": 0.03943413496017456,
            "Time": 0.409
        },
        "gavyam_0823-0930": {
            "MPSNR": 38.74425322752096,
            "MSSIM": 0.970317531127144,
            "SAM": 0.08297336101531982,
            "Time": 0.412
        },
        "objects_0924-1628": {
            "MPSNR": 42.525872957353805,
            "MSSIM": 0.9925516205728705,
            "SAM": 0.0440666489303112,
            "Time": 0.41
        },
        "rmt_0328-1241-1": {
            "MPSNR": 37.607290969793894,
            "MSSIM": 0.9763232558728798,
            "SAM": 0.028054192662239075,
            "Time": 0.409
        },
        "objects_0924-1641": {
            "MPSNR": 39.49308480227203,
            "MSSIM": 0.9872705640005655,
            "SAM": 0.051617883145809174,
            "Time": 0.41
        },
        "nachal_0823-1223": {
            "MPSNR": 40.59277843144261,
            "MSSIM": 0.9859684241802497,
            "SAM": 0.035244420170784,
            "Time": 0.41
        },
        "objects_0924-1614": {
            "MPSNR": 41.25283368936913,
            "MSSIM": 0.991084805032616,
            "SAM": 0.03510042279958725,
            "Time": 0.411
        },
        "nachal_0823-1047": {
            "MPSNR": 38.340523116990916,
            "MSSIM": 0.9811319151988912,
            "SAM": 0.02839469723403454,
            "Time": 0.41
        },
        "negev_0823-1003": {
            "MPSNR": 39.69821860305786,
            "MSSIM": 0.9798690321935214,
            "SAM": 0.02464790642261505,
            "Time": 0.408
        },
        "Lehavim_0910-1626": {
            "MPSNR": 37.98850240173727,
            "MSSIM": 0.9628092028351859,
            "SAM": 0.0439755879342556,
            "Time": 0.413
        },
        "nachal_0823-1149": {
            "MPSNR": 38.523095847121056,
            "MSSIM": 0.9727816474883624,
            "SAM": 0.08122367411851883,
            "Time": 0.41
        },
        "objects_0924-1602": {
            "MPSNR": 40.577162967950656,
            "MSSIM": 0.9897583377036377,
            "SAM": 0.04159373417496681,
            "Time": 0.409
        },
        "nachal_0823-1217": {
            "MPSNR": 39.90043223993034,
            "MSSIM": 0.9812440224997906,
            "SAM": 0.04141325503587723,
            "Time": 0.412
        },
        "CC_40D_2_1103-0917": {
            "MPSNR": 41.28393549358928,
            "MSSIM": 0.9905839011667297,
            "SAM": 0.025497902184724808,
            "Time": 0.409
        },
        "Master2900k": {
            "MPSNR": 51.02755839400652,