{
    "avg": {
        "MPSNR": 43.649017174663264,
        "MSSIM": 0.9924730897825574,
        "SAM": 0.04150312556428652,
        "Time": 0.4184117647058825
    },
    "detail": {
        "nachal_0823-1147": {
            "MPSNR": 42.17104573525895,
            "MSSIM": 0.9905702095411747,
            "SAM": 0.026942994445562363,
            "Time": 0.853
        },
        "objects_0924-1600": {
            "MPSNR": 41.9036787451281,
            "MSSIM": 0.9926160910596538,
            "SAM": 0.036246880888938904,
            "Time": 0.408
        },
        "objects_0924-1601": {
            "MPSNR": 42.53332372898391,
            "MSSIM": 0.993422457571605,
            "SAM": 0.033795688301324844,
            "Time": 0.406
        },
        "Labtest_0910-1510": {
            "MPSNR": 46.71942794403098,
            "MSSIM": 0.9943446749641004,
            "SAM": 0.0634639635682106,
            "Time": 0.411
        },
        "Lehavim_0910-1725": {
            "MPSNR": 42.308563327635945,
            "MSSIM": 0.9880255237244134,
            "SAM": 0.06268120557069778,
            "Time": 0.408
        },
        "lehavim_0910-1605": {
            "MPSNR": 42.041105564462455,
            "MSSIM": 0.9901759507727645,
            "SAM": 0.04294315353035927,
            "Time": 0.409
        },
        "objects_0924-1556": {
            "MPSNR": 46.198483291712776,
            "MSSIM": 0.9953379634561107,
            "SAM": 0.04172792658209801,
            "Time": 0.411
        },
        "gavyam_0823-0945": {
            "MPSNR": 42.15886686785009,
            "MSSIM": 0.9878970212786091,
            "SAM": 0.060173146426677704,
            "Time": 0.408
        },
        "objects_0924-1620": {
            "MPSNR": 44.310306374543735,
            "MSSIM": 0.995277436605168,
            "SAM": 0.027584366500377655,
            "Time": 0.408
        },
        "objects_0924-1619": {
            "MPSNR": 43.25847239211401,
            "MSSIM": 0.9941112880157178,
            "SAM": 0.03322097659111023,
            "Time": 0.411
        },
        "IDS_COLORCHECK_1020-1223": {
            "MPSNR": 43.574343238845444,
            "MSSIM": 0.993914154198511,
            "SAM": 0.019035030156373978,
            "Time": 0.41
        },
        "Labtest_0910-1502": {
            "MPSNR": 44.22905466037551,
            "MSSIM": 0.9924306413561171,
            "SAM": 0.0697239339351654,
            "Time": 0.411
        },
        "objects_0924-1634": {
            "MPSNR": 42.18948998592774,
            "MSSIM": 0.9924043735982379,
            "SAM": 0.02268596552312374,
            "Time": 0.412
        },
        "lehavim_0910-1607": {
            "MPSNR": 43.286801643978166,
            "MSSIM": 0.9892517153084607,
            "SAM": 0.06427333503961563,
            "Time": 0.411
        },
        "Lehavim_0910-1622": {
            "MPSNR": 44.21002381143658,
            "MSSIM": 0.991535894414928,
            "SAM": 0.06264382600784302,
            "Time": 0.41
        },
        "tree_0822-0853": {
            "MPSNR": 43.09730370732914,
            "MSSIM": 0.9902065501476404,
            "SAM": 0.030285654589533806,
            "Time": 0.408
        },
        "objects_0924-1605": {
            "MPSNR": 43.669178833396074,
            "MSSIM": 0.9945633168800134,
            "SAM": 0.031137004494667053,
            "Time": 0.41
        },
        "gavyam_0823-0950-1": {
            "MPSNR": 41.155213804775286,
            "MSSIM": 0.9857117147097244,
            "SAM": 0.04019247367978096,
            "Time": 0.412
        },
        "objects_0924-1639": {
            "MPSNR": 43.494489271709746,
            "MSSIM": 0.9938600571080991,
            "SAM": 0.04092804342508316,
            "Time": 0.41
        },
        "objects_0924-1558": {
            "MPSNR": 44.26441908698335,
            "MSSIM": 0.9945517282323417,
            "SAM": 0.034554339945316315,
            "Time": 0.408
        },
        "objects_0924-1612": {
            "MPSNR": 44.131908144479176,
            "MSSIM": 0.9951475865999411,
            "SAM": 0.031159590929746628,
            "Time": 0.408
        },
        "objects_0924-1624": {
            "MPSNR": 44.32370444291296,
            "MSSIM": 0.995706360976108,
            "SAM": 0.027520393952727318,
            "Time": 0.408
        },
        "Lehavim_0910-1633": {
            "MPSNR": 47.31320619640092,
            "MSSIM": 0.9942047717689034,
            "SAM": 0.07852659374475479,
            "Time": 0.409
        },
        "bulb_0822-0903": {
            "MPSNR": 45.98734818475697,
            "MSSIM": 0.9943033543589352,
            "SAM": 0.045286163687705994,
            "Time": 0.415
        },
        "Lehavim_0910-1718": {
            "MPSNR": 46.54952573793074,
            "MSSIM": 0.992863031658928,
            "SAM": 0.07578150928020477,
            "Time": 0.408
        },
        "objects_0924-1633": {
            "MPSNR": 43.46173231706976,
            "MSSIM": 0.9942285193806089,
            "SAM": 0.03489384800195694,
            "Time": 0.409
        },
        "nachal_0823-1210-4": {
            "MPSNR": 44.21357066650901,
            "MSSIM": 0.9939805538018833,
            "SAM": 0.0306155476719141,
            "Time": 0.409
        },
        "nachal_0823-1145": {
            "MPSNR": 42.757264712685135,
            "MSSIM": 0.9944554562125968,
            "SAM": 0.015537497587502003,
            "Time": 0.412
        },
        "nachal_0823-1220": {
            "MPSNR": 44.105041662796076,
            "MSSIM": 0.9922877923273208,
            "SAM": 0.04329569637775421,
            "Time": 0.411
        },
        "nachal_0823-1152": {
            "MPSNR": 40.494180335171684,
            "MSSIM": 0.9832636968595926,
            "SAM": 0.044225651770830154,
            "Time": 0.409
        },
        "objects_0924-1610": {
            "MPSNR": 45.511895190651025,
            "MSSIM": 0.9958610817781761,
            "SAM": 0.03604227676987648,
            "Time": 0.409
        },
        "nachal_0823-1213": {
            "MPSNR": 43.61969446216644,
            "MSSIM": 0.9915790983469295,
            "SAM": 0.033364854753017426,
            "Time": 0.409
        },
        "objects_0924-1631": {
            "MPSNR": 42.276082312675705,
            "MSSIM": 0.9939096948979981,
            "SAM": 0.03381161391735077,
            "Time": 0.41
        },
        "negev_0823-1005": {
            "MPSNR": 41.80707386980575,
            "MSSIM": 0.9914819382421989,
            "SAM": 0.01960330456495285,
            "Time": 0.408
        },
        "Lehavim_0910-1640": {
            "MPSNR": 43.04772545717654,
            "MSSIM": 0.9903808004645844,
            "SAM": 0.05063925310969353,
            "Time": 0.415
        },
        "Labtest_0910-1506": {
            "MPSNR": 43.247965882839466,
            "MSSIM": 0.991038967558591,
            "SAM": 0.07073162496089935,
            "Time": 0.411
        },
        "objects_0924-1652": {
            "MPSNR": 43.22831465723658,
            "MSSIM": 0.9911664647955543,
            "SAM": 0.04224897176027298,
            "Time": 0.409
        },
        "Lehavim_0910-1629": {
            "MPSNR": 44.72551499693955,
            "MSSIM": 0.9913059368856375,
            "SAM": 0.06079316884279251,
            "Time": 0.407
        },
        "Lehavim_0910-1708": {
            "MPSNR": 43.95491362988449,
            "MSSIM": 0.9922832225986251,
            "SAM": 0.0329376719892025,
            "Time": 0.411
        },
        "objects_0924-1629": {
            "MPSNR": 43.22937785890649,
            "MSSIM": 0.9937977219632366,
            "SAM": 0.034521106630563736,
            "Time": 0.412
        },
        "Lehavim_0910-1627": {
            "MPSNR": 44.042220261937,
            "MSSIM": 0.9910148140681664,
            "SAM": 0.06358494609594345,
            "Time": 0.411
        },