{
    "avg": {
        "MPSNR": 40.65854018581015,
        "MSSIM": 0.9798268438334128,
        "SAM": 0.08947481949101477,
        "Time": 0.27003921568627454
    },
    "detail": {
        "nachal_0823-1147": {
            "MPSNR": 39.40162587069977,
            "MSSIM": 0.9796803693232582,
            "SAM": 0.04228406026959419,
            "Time": 0.27
        },
        "objects_0924-1600": {
            "MPSNR": 39.59728321023991,
            "MSSIM": 0.9879532338023129,
            "SAM": 0.06128617748618126,
            "Time": 0.27
        },
        "objects_0924-1601": {
            "MPSNR": 39.291233340951194,
            "MSSIM": 0.9875739530930734,
            "SAM": 0.046216946095228195,
            "Time": 0.27
        },
        "Labtest_0910-1510": {
            "MPSNR": 42.34937797707509,
            "MSSIM": 0.9638316572554707,
            "SAM": 0.19935788214206696,
            "Time": 0.27
        },
        "Lehavim_0910-1725": {
            "MPSNR": 41.77174291075148,
            "MSSIM": 0.9841272324653222,
            "SAM": 0.1191978007555008,
            "Time": 0.27
        },
        "lehavim_0910-1605": {
            "MPSNR": 40.24280842264675,
            "MSSIM": 0.9847497533390184,
            "SAM": 0.06247886270284653,
            "Time": 0.27
        },
        "objects_0924-1556": {
            "MPSNR": 41.7622960876599,
            "MSSIM": 0.9600079744259923,
            "SAM": 0.1925210952758789,
            "Time": 0.27
        },
        "gavyam_0823-0945": {
            "MPSNR": 38.34301433194485,
            "MSSIM": 0.9690516209492246,
            "SAM": 0.09859270602464676,
            "Time": 0.27
        },
        "objects_0924-1620": {
            "MPSNR": 41.559712640104124,
            "MSSIM": 0.9920401165027021,
            "SAM": 0.04279351234436035,
            "Time": 0.269
        },
        "objects_0924-1619": {
            "MPSNR": 41.89438484086839,
            "MSSIM": 0.9923413985303499,
            "SAM": 0.045866817235946655,
            "Time": 0.271
        },
        "IDS_COLORCHECK_1020-1223": {
            "MPSNR": 40.62981014033186,
            "MSSIM": 0.9905432258206708,
            "SAM": 0.025626618415117264,
            "Time": 0.27
        },
        "Labtest_0910-1502": {
            "MPSNR": 40.35881834047838,
            "MSSIM": 0.9796061355000097,
            "SAM": 0.1292150616645813,
            "Time": 0.27
        },
        "objects_0924-1634": {
            "MPSNR": 41.46370522543423,
            "MSSIM": 0.9909713535480548,
            "SAM": 0.024081066250801086,
            "Time": 0.27
        },
        "lehavim_0910-1607": {
            "MPSNR": 39.8574880546617,
            "MSSIM": 0.9601425472909779,
            "SAM": 0.17785611748695374,
            "Time": 0.269
        },
        "Lehavim_0910-1622": {
            "MPSNR": 38.52732656569696,
            "MSSIM": 0.9142913162881676,
            "SAM": 0.30903029441833496,
            "Time": 0.272
        },
        "tree_0822-0853": {
            "MPSNR": 41.233949788790646,
            "MSSIM": 0.9857282135386493,
            "SAM": 0.04008669778704643,
            "Time": 0.27
        },
        "objects_0924-1605": {
            "MPSNR": 40.90469831247561,
            "MSSIM": 0.9884232876155759,
            "SAM": 0.05814478546380997,
            "Time": 0.27
        },
        "gavyam_0823-0950-1": {
            "MPSNR": 40.41459649369586,
            "MSSIM": 0.9841642410042044,
            "SAM": 0.04861351475119591,
            "Time": 0.27
        },
        "objects_0924-1639": {
            "MPSNR": 41.8964710971547,
            "MSSIM": 0.991533094190017,
            "SAM": 0.051896825432777405,
            "Time": 0.271
        },
        "objects_0924-1558": {
            "MPSNR": 41.92665490110468,
            "MSSIM": 0.9912592623710452,
            "SAM": 0.0527823269367218,
            "Time": 0.27
        },
        "objects_0924-1612": {
            "MPSNR": 41.64348850145545,
            "MSSIM": 0.9904983147141025,
            "SAM": 0.06372881680727005,
            "Time": 0.271
        },
        "objects_0924-1624": {
            "MPSNR": 40.37776980331968,
            "MSSIM": 0.9898434896531016,
            "SAM": 0.05448361486196518,
            "Time": 0.27
        },
        "Lehavim_0910-1633": {
            "MPSNR": 43.16178165945498,
            "MSSIM": 0.9730420794730488,
            "SAM": 0.21255196630954742,
            "Time": 0.27
        },
        "bulb_0822-0903": {
            "MPSNR": 40.7447254676398,
            "MSSIM": 0.971188320365529,
            "SAM": 0.16929516196250916,
            "Time": 0.272
        },
        "Lehavim_0910-1718": {
            "MPSNR": 42.4388771326734,
            "MSSIM": 0.9647013244979451,
            "SAM": 0.2647923231124878,
            "Time": 0.272
        },
        "objects_0924-1633": {
            "MPSNR": 41.161213303472856,
            "MSSIM": 0.9909869002925037,
            "SAM": 0.0511857271194458,
            "Time": 0.27
        },
        "nachal_0823-1210-4": {
            "MPSNR": 38.97619386752366,
            "MSSIM": 0.981387732568539,
            "SAM": 0.06085047125816345,
            "Time": 0.27
        },
        "nachal_0823-1145": {
            "MPSNR": 38.847066895424696,
            "MSSIM": 0.9886552014161707,
            "SAM": 0.023601649329066277,
            "Time": 0.269
        },
        "nachal_0823-1220": {
            "MPSNR": 40.37483495595369,
            "MSSIM": 0.9763813722995072,
            "SAM": 0.11164198815822601,
            "Time": 0.27
        },
        "nachal_0823-1152": {
            "MPSNR": 40.21526235253216,
            "MSSIM": 0.9786247884276235,
            "SAM": 0.0776684433221817,
            "Time": 0.269
        },
        "objects_0924-1610": {
            "MPSNR": 41.63753714711221,
            "MSSIM": 0.9892340786450478,
            "SAM": 0.09085937589406967,
            "Time": 0.269
        },
        "nachal_0823-1213": {
            "MPSNR": 40.770942384442556,
            "MSSIM": 0.9820106983635459,
            "SAM": 0.06189994513988495,
            "Time": 0.268
        },
        "objects_0924-1631": {
            "MPSNR": 38.746256055237176,
            "MSSIM": 0.9881650816299106,
            "SAM": 0.05197745934128761,
            "Time": 0.27
        },
        "negev_0823-1005": {
            "MPSNR": 40.233805378324725,
            "MSSIM": 0.987793880760911,
            "SAM": 0.023939883336424828,
            "Time": 0.271
        },
        "Lehavim_0910-1640": {
            "MPSNR": 39.829832998761496,
            "MSSIM": 0.9783038658298391,
            "SAM": 0.07835185527801514,
            "Time": 0.27
        },
        "Labtest_0910-1506": {
            "MPSNR": 37.41418690733531,
            "MSSIM": 0.9468788814330744,
            "SAM": 0.18834823369979858,
            "Time": 0.27
        },
        "objects_0924-1652": {
            "MPSNR": 41.41019856496092,
            "MSSIM": 0.9876505844737097,
            "SAM": 0.051204878836870193,
            "Time": 0.269
        },
        "Lehavim_0910-1629": {
            "MPSNR": 41.357941451373236,
            "MSSIM": 0.979634136575278,
            "SAM": 0.10023241490125656,
            "Time": 0.27
        },
        "Lehavim_0910-1708": {
            "MPSNR": 41.632479479700564,
            "MSSIM": 0.9876654439317419,
            "SAM": 0.047314029186964035,
            "Time": 0.27
        },
        "objects_0924-1629": {
            "MPSNR": 40.336176239155705,
            "MSSIM": 0.9881985952018115,
            "SAM": 0.0517081581056118,
            "Time": 0.271
        },
        "Lehavim_0910-1627": {
            "MPSNR": 37.762504337948506,
            "MSSIM": 0.9294858302353081,
            "SAM": 0.21728479862213135,
            "Time": 0.271
        },
        "objects_0924-1622": {
            "MPSNR": 42.58153395231238,