{
    "avg": {
        "MPSNR": 44.23851094087544,
        "MSSIM": 0.9933713997615483,
        "SAM": 0.03866965477080906,
        "Time": 0.5727647058823532
    },
    "detail": {
        "nachal_0823-1147": {
            "MPSNR": 42.69971906779406,
            "MSSIM": 0.9909159652986981,
            "SAM": 0.02568509429693222,
            "Time": 1.018
        },
        "objects_0924-1600": {
            "MPSNR": 42.729096322466674,
            "MSSIM": 0.9940847374173564,
            "SAM": 0.03416167199611664,
            "Time": 0.557
        },
        "objects_0924-1601": {
            "MPSNR": 43.507200424449834,
            "MSSIM": 0.9947057678700714,
            "SAM": 0.03225966542959213,
            "Time": 0.562
        },
        "Labtest_0910-1510": {
            "MPSNR": 47.5559811645456,
            "MSSIM": 0.9951902615343371,
            "SAM": 0.056484024971723557,
            "Time": 0.558
        },
        "Lehavim_0910-1725": {
            "MPSNR": 42.83830511441331,
            "MSSIM": 0.989043200614437,
            "SAM": 0.058271415531635284,
            "Time": 0.562
        },
        "lehavim_0910-1605": {
            "MPSNR": 42.468008028545775,
            "MSSIM": 0.9910514183233893,
            "SAM": 0.03988541662693024,
            "Time": 0.561
        },
        "objects_0924-1556": {
            "MPSNR": 46.698379586321614,
            "MSSIM": 0.9961940209264195,
            "SAM": 0.04251522198319435,
            "Time": 0.56
        },
        "gavyam_0823-0945": {
            "MPSNR": 42.87926731660751,
            "MSSIM": 0.989578135270552,
            "SAM": 0.054852377623319626,
            "Time": 0.559
        },
        "objects_0924-1620": {
            "MPSNR": 44.81379883101521,
            "MSSIM": 0.9960103344211443,
            "SAM": 0.026446949690580368,
            "Time": 0.562
        },
        "objects_0924-1619": {
            "MPSNR": 43.640655582451274,
            "MSSIM": 0.9949640242009798,
            "SAM": 0.032843682914972305,
            "Time": 0.559
        },
        "IDS_COLORCHECK_1020-1223": {
            "MPSNR": 44.08966039069433,
            "MSSIM": 0.9944760127568971,
            "SAM": 0.018581388518214226,
            "Time": 0.561
        },
        "Labtest_0910-1502": {
            "MPSNR": 44.842840209707084,
            "MSSIM": 0.9934887035417107,
            "SAM": 0.06317571550607681,
            "Time": 0.561
        },
        "objects_0924-1634": {
            "MPSNR": 42.365929868066914,
            "MSSIM": 0.993155358133215,
            "SAM": 0.02331896498799324,
            "Time": 0.561
        },
        "lehavim_0910-1607": {
            "MPSNR": 43.89360209138789,
            "MSSIM": 0.9902644681237177,
            "SAM": 0.059227265417575836,
            "Time": 0.56
        },
        "Lehavim_0910-1622": {
            "MPSNR": 44.72435321995492,
            "MSSIM": 0.9923469585384295,
            "SAM": 0.056048374623060226,
            "Time": 0.562
        },
        "tree_0822-0853": {
            "MPSNR": 43.55534372219842,
            "MSSIM": 0.9914079391849,
            "SAM": 0.027813473716378212,
            "Time": 0.561
        },
        "objects_0924-1605": {
            "MPSNR": 44.05757007754966,
            "MSSIM": 0.995315642416579,
            "SAM": 0.030259758234024048,
            "Time": 0.566
        },
        "gavyam_0823-0950-1": {
            "MPSNR": 41.780991389790444,
            "MSSIM": 0.9870944072040537,
            "SAM": 0.037398338317871094,
            "Time": 0.564
        },
        "objects_0924-1639": {
            "MPSNR": 44.21933921187061,
            "MSSIM": 0.994790490221991,
            "SAM": 0.03838305175304413,
            "Time": 0.564
        },
        "objects_0924-1558": {
            "MPSNR": 44.67624735717229,
            "MSSIM": 0.9953063672167488,
            "SAM": 0.035032689571380615,
            "Time": 0.563
        },
        "objects_0924-1612": {
            "MPSNR": 44.761896572172596,
            "MSSIM": 0.9957581907563849,
            "SAM": 0.030285604298114777,
            "Time": 0.564
        },
        "objects_0924-1624": {
            "MPSNR": 45.11720318947283,
            "MSSIM": 0.9963153719715256,
            "SAM": 0.025989191606640816,
            "Time": 0.563
        },
        "Lehavim_0910-1633": {
            "MPSNR": 47.963279184911364,
            "MSSIM": 0.9949366552354837,
            "SAM": 0.06736517697572708,
            "Time": 0.563
        },
        "bulb_0822-0903": {
            "MPSNR": 46.68376170625871,
            "MSSIM": 0.9949701193971141,
            "SAM": 0.04029863327741623,
            "Time": 0.562
        },
        "Lehavim_0910-1718": {
            "MPSNR": 47.03640044576409,
            "MSSIM": 0.9936112650491945,
            "SAM": 0.07025096565485,
            "Time": 0.563
        },
        "objects_0924-1633": {
            "MPSNR": 43.97806880936954,
            "MSSIM": 0.9949386728557689,
            "SAM": 0.03349939361214638,
            "Time": 0.566
        },
        "nachal_0823-1210-4": {
            "MPSNR": 44.87595631694322,
            "MSSIM": 0.9949676580846971,
            "SAM": 0.027880242094397545,
            "Time": 0.563
        },
        "nachal_0823-1145": {
            "MPSNR": 44.1309807236596,
            "MSSIM": 0.9957350525790797,
            "SAM": 0.012912118807435036,
            "Time": 0.562
        },
        "nachal_0823-1220": {
            "MPSNR": 44.97591336523831,
            "MSSIM": 0.9931810503567104,
            "SAM": 0.04001948982477188,
            "Time": 0.563
        },
        "nachal_0823-1152": {
            "MPSNR": 41.057673931733945,
            "MSSIM": 0.9850569506259712,
            "SAM": 0.03962652012705803,
            "Time": 0.564
        },
        "objects_0924-1610": {
            "MPSNR": 46.01821298717492,
            "MSSIM": 0.9963869781604381,
            "SAM": 0.03477265313267708,
            "Time": 0.563
        },
        "nachal_0823-1213": {
            "MPSNR": 43.956153447158364,
            "MSSIM": 0.9919919882567337,
            "SAM": 0.03151651471853256,
            "Time": 0.564
        },
        "objects_0924-1631": {
            "MPSNR": 42.97877614019601,
            "MSSIM": 0.9947867055184001,
            "SAM": 0.0325794480741024,
            "Time": 0.565
        },
        "negev_0823-1005": {
            "MPSNR": 42.76266234954778,
            "MSSIM": 0.9925674223639587,
            "SAM": 0.01662127673625946,
            "Time": 0.564
        },
        "Lehavim_0910-1640": {
            "MPSNR": 43.4657796997175,
            "MSSIM": 0.9911302172558308,
            "SAM": 0.046665873378515244,
            "Time": 0.568
        },
        "Labtest_0910-1506": {
            "MPSNR": 43.823680877379324,
            "MSSIM": 0.9920166356282623,
            "SAM": 0.06619107723236084,
            "Time": 0.567
        },
        "objects_0924-1652": {
            "MPSNR": 43.289993373554445,
            "MSSIM": 0.9917420878332651,
            "SAM": 0.042208749800920486,
            "Time": 0.569
        },
        "Lehavim_0910-1629": {
            "MPSNR": 45.5822077287739,
            "MSSIM": 0.9926321311172964,
            "SAM": 0.05371059849858284,
            "Time": 0.568
        },
        "Lehavim_0910-1708": {
            "MPSNR": 44.60827399443091,
            "MSSIM": 0.9929168903755332,
            "SAM": 0.02964331954717636,
            "Time": 0.565
        },
        "objects_0924-1629": {
            "MPSNR": 43.9225617830838,
            "MSSIM": 0.9948873071848304,
            "SAM": 0.0335114561021328,
            "Time": 0.568
        },
        "Lehavim_0910-1627": {
            "MPSNR": 44.807108610865065,
            "MSSIM": 0.9921627956612916,
            "SAM": 0.05825056880712509,
            "Time": 0.565
        },