{
    "avg": {
        "MPSNR": 43.82578905170146,
        "MSSIM": 0.9929521410171045,
        "SAM": 0.04040972979775831,
        "Time": 0.573352941176471
    },
    "detail": {
        "nachal_0823-1147": {
            "MPSNR": 42.12210366909299,
            "MSSIM": 0.9899842075615649,
            "SAM": 0.02584988996386528,
            "Time": 0.579
        },
        "objects_0924-1600": {
            "MPSNR": 43.20478045517638,
            "MSSIM": 0.9945574517575281,
            "SAM": 0.034415893256664276,
            "Time": 0.573
        },
        "objects_0924-1601": {
            "MPSNR": 43.58445221883326,
            "MSSIM": 0.9949164872593207,
            "SAM": 0.030303554609417915,
            "Time": 0.573
        },
        "Labtest_0910-1510": {
            "MPSNR": 46.43041860560446,
            "MSSIM": 0.9940376110920942,
            "SAM": 0.062416817992925644,
            "Time": 0.573
        },
        "Lehavim_0910-1725": {
            "MPSNR": 44.028928637347065,
            "MSSIM": 0.9918108823908676,
            "SAM": 0.055157266557216644,
            "Time": 0.572
        },
        "lehavim_0910-1605": {
            "MPSNR": 41.97529891764624,
            "MSSIM": 0.9904903675680728,
            "SAM": 0.04082595929503441,
            "Time": 0.573
        },
        "objects_0924-1556": {
            "MPSNR": 47.905054066110864,
            "MSSIM": 0.9970593812453875,
            "SAM": 0.03650500252842903,
            "Time": 0.571
        },
        "gavyam_0823-0945": {
            "MPSNR": 42.412781477703,
            "MSSIM": 0.9890003173495777,
            "SAM": 0.05557345226407051,
            "Time": 0.572
        },
        "objects_0924-1620": {
            "MPSNR": 44.344417688137476,
            "MSSIM": 0.9955203419255129,
            "SAM": 0.02854577638208866,
            "Time": 0.573
        },
        "objects_0924-1619": {
            "MPSNR": 43.48538063714476,
            "MSSIM": 0.9947536467630178,
            "SAM": 0.03238131105899811,
            "Time": 0.571
        },
        "IDS_COLORCHECK_1020-1223": {
            "MPSNR": 42.12865307157826,
            "MSSIM": 0.9918607986623932,
            "SAM": 0.02123146876692772,
            "Time": 0.573
        },
        "Labtest_0910-1502": {
            "MPSNR": 44.20333026740709,
            "MSSIM": 0.9927717935249702,
            "SAM": 0.06782722473144531,
            "Time": 0.572
        },
        "objects_0924-1634": {
            "MPSNR": 43.0390057085499,
            "MSSIM": 0.9932822863751097,
            "SAM": 0.02228202484548092,
            "Time": 0.571
        },
        "lehavim_0910-1607": {
            "MPSNR": 43.378546086275506,
            "MSSIM": 0.9878913533589297,
            "SAM": 0.06305354833602905,
            "Time": 0.573
        },
        "Lehavim_0910-1622": {
            "MPSNR": 44.834623623548104,
            "MSSIM": 0.9926403608122216,
            "SAM": 0.05511317774653435,
            "Time": 0.573
        },
        "tree_0822-0853": {
            "MPSNR": 43.99805113874363,
            "MSSIM": 0.9923966118573984,
            "SAM": 0.02656092867255211,
            "Time": 0.571
        },
        "objects_0924-1605": {
            "MPSNR": 44.214071561259395,
            "MSSIM": 0.9955042015384086,
            "SAM": 0.02991996891796589,
            "Time": 0.572
        },
        "gavyam_0823-0950-1": {
            "MPSNR": 42.84465682586041,
            "MSSIM": 0.9901186027525879,
            "SAM": 0.0356828048825264,
            "Time": 0.574
        },
        "objects_0924-1639": {
            "MPSNR": 44.049091477520086,
            "MSSIM": 0.9949230754977171,
            "SAM": 0.03900853544473648,
            "Time": 0.573
        },
        "objects_0924-1558": {
            "MPSNR": 44.124570555106665,
            "MSSIM": 0.994767883079637,
            "SAM": 0.03706469014286995,
            "Time": 0.573
        },
        "objects_0924-1612": {
            "MPSNR": 44.06010793222976,
            "MSSIM": 0.9952710714187217,
            "SAM": 0.03245178237557411,
            "Time": 0.574
        },
        "objects_0924-1624": {
            "MPSNR": 43.625852320390315,
            "MSSIM": 0.9950152324766228,
            "SAM": 0.030009787529706955,
            "Time": 0.574
        },
        "Lehavim_0910-1633": {
            "MPSNR": 47.30351176102635,
            "MSSIM": 0.99395206126133,
            "SAM": 0.07221292704343796,
            "Time": 0.572
        },
        "bulb_0822-0903": {
            "MPSNR": 45.45895250023743,
            "MSSIM": 0.9935247811575856,
            "SAM": 0.0431876964867115,
            "Time": 0.574
        },
        "Lehavim_0910-1718": {
            "MPSNR": 47.48345626990015,
            "MSSIM": 0.9942187485280075,
            "SAM": 0.07002518326044083,
            "Time": 0.574
        },
        "objects_0924-1633": {
            "MPSNR": 42.47485544452147,
            "MSSIM": 0.9933738277408964,
            "SAM": 0.03599584847688675,
            "Time": 0.574
        },
        "nachal_0823-1210-4": {
            "MPSNR": 43.90423177421688,
            "MSSIM": 0.9940035782128717,
            "SAM": 0.030576368793845177,
            "Time": 0.574
        },
        "nachal_0823-1145": {
            "MPSNR": 43.31182030081814,
            "MSSIM": 0.9949859058707271,
            "SAM": 0.01334751583635807,
            "Time": 0.575
        },
        "nachal_0823-1220": {
            "MPSNR": 43.960034742058895,
            "MSSIM": 0.9917975355370218,
            "SAM": 0.043329935520887375,
            "Time": 0.571
        },
        "nachal_0823-1152": {
            "MPSNR": 42.30104671298911,
            "MSSIM": 0.988790821336118,
            "SAM": 0.03776957094669342,
            "Time": 0.574
        },
        "objects_0924-1610": {
            "MPSNR": 44.59723057055874,
            "MSSIM": 0.9953321189861264,
            "SAM": 0.04166903346776962,
            "Time": 0.573
        },
        "nachal_0823-1213": {
            "MPSNR": 44.757108335929615,
            "MSSIM": 0.9932862903287678,
            "SAM": 0.029375869780778885,
            "Time": 0.574
        },
        "objects_0924-1631": {
            "MPSNR": 42.31020847995529,
            "MSSIM": 0.9941461655887542,
            "SAM": 0.032854899764060974,
            "Time": 0.574
        },
        "negev_0823-1005": {
            "MPSNR": 42.21255283342661,
            "MSSIM": 0.9913900310495966,
            "SAM": 0.018123868852853775,
            "Time": 0.574
        },
        "Lehavim_0910-1640": {
            "MPSNR": 43.315061976629266,
            "MSSIM": 0.9908151717738631,
            "SAM": 0.04690079391002655,
            "Time": 0.572
        },
        "Labtest_0910-1506": {
            "MPSNR": 43.69612047653981,
            "MSSIM": 0.9920358956648045,
            "SAM": 0.06898428499698639,
            "Time": 0.574
        },
        "objects_0924-1652": {
            "MPSNR": 42.53797463292547,
            "MSSIM": 0.9907560456702632,
            "SAM": 0.04594165459275246,
            "Time": 0.574
        },
        "Lehavim_0910-1629": {
            "MPSNR": 44.372194600119215,
            "MSSIM": 0.9907769373110754,
            "SAM": 0.05663568153977394,
            "Time": 0.574
        },
        "Lehavim_0910-1708": {
            "MPSNR": 42.703968649595055,
            "MSSIM": 0.9883371135202167,
            "SAM": 0.032671649008989334,
            "Time": 0.574
        },
        "objects_0924-1629": {
            "MPSNR": 43.322944805713796,
            "MSSIM": 0.9940746658709935,
            "SAM": 0.03897840902209282,
            "Time": 0.574
        },
        "Lehavim_0910-1627": {
            "MPSNR": 44.31463894979861,
            "MSSIM": 0.9913389273068289,
            "SAM": 0.060034386813640594,
            "Time": 0.574
        },