{
    "avg": {
        "MPSNR": 19.658171264721208,
        "MSSIM": 0.3322538398093677,
        "SAM": 0.6928578270416633,
        "Time": 0.0
    },
    "detail": {
        "nachal_0823-1147": {
            "MPSNR": 19.008065740337123,
            "MSSIM": 0.3291352081258959,
            "SAM": 0.5692211985588074,
            "Time": 0.0
        },
        "objects_0924-1600": {
            "MPSNR": 18.753766136046828,
            "MSSIM": 0.30131552686572094,
            "SAM": 0.6662570238113403,
            "Time": 0.0
        },
        "objects_0924-1601": {
            "MPSNR": 19.073737483481775,
            "MSSIM": 0.32436513448704885,
            "SAM": 0.6762931942939758,
            "Time": 0.0
        },
        "Labtest_0910-1510": {
            "MPSNR": 20.80223164143761,
            "MSSIM": 0.33300683699728795,
            "SAM": 0.8947722911834717,
            "Time": 0.0
        },
        "Lehavim_0910-1725": {
            "MPSNR": 18.574520609720622,
            "MSSIM": 0.2864433616782829,
            "SAM": 0.8711232542991638,
            "Time": 0.0
        },
        "lehavim_0910-1605": {
            "MPSNR": 19.433565114366008,
            "MSSIM": 0.33748640064095803,
            "SAM": 0.6458983421325684,
            "Time": 0.0
        },
        "objects_0924-1556": {
            "MPSNR": 20.740704942573515,
            "MSSIM": 0.34187832017018194,
            "SAM": 0.8073229193687439,
            "Time": 0.0
        },
        "gavyam_0823-0945": {
            "MPSNR": 20.170204226903675,
            "MSSIM": 0.3603739965728908,
            "SAM": 0.7377791404724121,
            "Time": 0.0
        },
        "objects_0924-1620": {
            "MPSNR": 20.093991448290694,
            "MSSIM": 0.3505406977966709,
            "SAM": 0.6155040264129639,
            "Time": 0.0
        },
        "objects_0924-1619": {
            "MPSNR": 18.77489226378801,
            "MSSIM": 0.2930585978486212,
            "SAM": 0.6789376735687256,
            "Time": 0.0
        },
        "IDS_COLORCHECK_1020-1223": {
            "MPSNR": 20.816235406555595,
            "MSSIM": 0.3972809206030706,
            "SAM": 0.4108506441116333,
            "Time": 0.0
        },
        "Labtest_0910-1502": {
            "MPSNR": 21.92095065014961,
            "MSSIM": 0.4408193631939273,
            "SAM": 0.8330391049385071,
            "Time": 0.0
        },
        "objects_0924-1634": {
            "MPSNR": 17.75015277319934,
            "MSSIM": 0.26250235850988984,
            "SAM": 0.5297332406044006,
            "Time": 0.0
        },
        "lehavim_0910-1607": {
            "MPSNR": 19.15965375700991,
            "MSSIM": 0.29012814158412703,
            "SAM": 0.8630704283714294,
            "Time": 0.0
        },
        "Lehavim_0910-1622": {
            "MPSNR": 18.716537053245297,
            "MSSIM": 0.25965985993905033,
            "SAM": 0.8686001300811768,
            "Time": 0.0
        },
        "tree_0822-0853": {
            "MPSNR": 18.66840062360481,
            "MSSIM": 0.3107952950937608,
            "SAM": 0.5325623154640198,
            "Time": 0.0
        },
        "objects_0924-1605": {
            "MPSNR": 19.198663474272895,
            "MSSIM": 0.32434957492393796,
            "SAM": 0.6744997501373291,
            "Time": 0.0
        },
        "gavyam_0823-0950-1": {
            "MPSNR": 17.410294288145813,
            "MSSIM": 0.24840138788254668,
            "SAM": 0.6819955110549927,
            "Time": 0.0
        },
        "objects_0924-1639": {
            "MPSNR": 19.685006928554806,
            "MSSIM": 0.3393832844905589,
            "SAM": 0.7218318581581116,
            "Time": 0.0
        },
        "objects_0924-1558": {
            "MPSNR": 19.732654087197048,
            "MSSIM": 0.32545446560832514,
            "SAM": 0.6891329884529114,
            "Time": 0.0
        },
        "objects_0924-1612": {
            "MPSNR": 19.32785322500142,
            "MSSIM": 0.32585734227441204,
            "SAM": 0.6974426507949829,
            "Time": 0.0
        },
        "objects_0924-1624": {
            "MPSNR": 21.19741520004826,
            "MSSIM": 0.4048605259321463,
            "SAM": 0.5762882232666016,
            "Time": 0.0
        },
        "Lehavim_0910-1633": {
            "MPSNR": 21.096935412854023,
            "MSSIM": 0.31459044977242717,
            "SAM": 0.9064986109733582,
            "Time": 0.0
        },
        "bulb_0822-0903": {
            "MPSNR": 22.78328936854454,
            "MSSIM": 0.4527082267616068,
            "SAM": 0.7264671325683594,
            "Time": 0.0
        },
        "Lehavim_0910-1718": {
            "MPSNR": 19.4646194369305,
            "MSSIM": 0.25047489910090714,
            "SAM": 0.9403544068336487,
            "Time": 0.0
        },
        "objects_0924-1633": {
            "MPSNR": 19.2104214637412,
            "MSSIM": 0.3179236853947885,
            "SAM": 0.6947289109230042,
            "Time": 0.0
        },
        "nachal_0823-1210-4": {
            "MPSNR": 19.989005898572778,
            "MSSIM": 0.3804498103507992,
            "SAM": 0.648292064666748,
            "Time": 0.0
        },
        "nachal_0823-1145": {
            "MPSNR": 20.20604658432299,
            "MSSIM": 0.37937054631500156,
            "SAM": 0.25693026185035706,
            "Time": 0.0
        },
        "nachal_0823-1220": {
            "MPSNR": 20.264016380215953,
            "MSSIM": 0.3598091671571141,
            "SAM": 0.7235718369483948,
            "Time": 0.0
        },
        "nachal_0823-1152": {
            "MPSNR": 16.624364539557316,
            "MSSIM": 0.21602095671337787,
            "SAM": 0.6904562711715698,
            "Time": 0.0
        },
        "objects_0924-1610": {
            "MPSNR": 20.629092252650608,
            "MSSIM": 0.35864747604306263,
            "SAM": 0.7452830076217651,
            "Time": 0.0
        },
        "nachal_0823-1213": {
            "MPSNR": 17.917652922111408,
            "MSSIM": 0.2554556296794676,
            "SAM": 0.7339791655540466,
            "Time": 0.0
        },
        "objects_0924-1631": {
            "MPSNR": 19.60937714788886,
            "MSSIM": 0.3330434484665269,
            "SAM": 0.621648907661438,
            "Time": 0.0
        },
        "negev_0823-1005": {
            "MPSNR": 19.43423464287619,
            "MSSIM": 0.36869537515768347,
            "SAM": 0.41965562105178833,
            "Time": 0.0
        },
        "Lehavim_0910-1640": {
            "MPSNR": 19.967448592887905,
            "MSSIM": 0.36125817849914366,
            "SAM": 0.7606313824653625,
            "Time": 0.0
        },
        "Labtest_0910-1506": {
            "MPSNR": 20.113958726647596,
            "MSSIM": 0.3413091540725196,
            "SAM": 0.8807012438774109,
            "Time": 0.0
        },
        "objects_0924-1652": {
            "MPSNR": 20.10712792933248,
            "MSSIM": 0.3523125330088322,
            "SAM": 0.6522598266601562,
            "Time": 0.0
        },
        "Lehavim_0910-1629": {
            "MPSNR": 21.18902290168663,
            "MSSIM": 0.3725721002578786,
            "SAM": 0.886965274810791,
            "Time": 0.0
        },
        "Lehavim_0910-1708": {
            "MPSNR": 19.868596163062065,
            "MSSIM": 0.36246241456894823,
            "SAM": 0.6955888867378235,
            "Time": 0.0
        },
        "objects_0924-1629": {
            "MPSNR": 19.744006219268083,
            "MSSIM": 0.3264169036644273,
            "SAM": 0.6475757360458374,
            "Time": 0.0
        },
        "Lehavim_0910-1627": {
            "MPSNR": 20.57774760488575,
            "MSSIM": 0.35750680965312776,
            "SAM": 0.8266151547431946,
            "Time": 0.0
        },
        "objects_0924-1622": {
            "MPSNR": 19.356117595451135,
            "MSSIM": 0.31701653258230267,
            "SAM": 0.6913516521453857,