{
    "avg": {
        "MPSNR": 18.906147206297728,
        "MSSIM": 0.27471313020245436,
        "SAM": 0.6614761400222778,
        "Time": 0.0
    },
    "detail": {
        "gavyam_0823-0933": {
            "MPSNR": 13.716610085351839,
            "MSSIM": 0.11808687764018837,
            "SAM": 0.7126321792602539,
            "Time": 0.0
        },
        "objects_0924-1557": {
            "MPSNR": 17.283475517836905,
            "MSSIM": 0.20054136872548287,
            "SAM": 0.6435570120811462,
            "Time": 0.0
        },
        "lehavim_0910-1600": {
            "MPSNR": 15.595937462004203,
            "MSSIM": 0.14189402866979256,
            "SAM": 0.6631669402122498,
            "Time": 0.0
        },
        "Lehavim_0910-1717": {
            "MPSNR": 21.239947910337683,
            "MSSIM": 0.36526100257712035,
            "SAM": 0.774276614189148,
            "Time": 0.0
        },
        "gavyam_0823-0944": {
            "MPSNR": 13.943156491034944,
            "MSSIM": 0.12113562889383991,
            "SAM": 0.7015426754951477,
            "Time": 0.0
        },
        "nachal_0823-1222": {
            "MPSNR": 19.844732176861907,
            "MSSIM": 0.29570312154280437,
            "SAM": 0.6838854551315308,
            "Time": 0.0
        },
        "lehavim_0910-1610": {
            "MPSNR": 15.086482022163452,
            "MSSIM": 0.1295911477085682,
            "SAM": 0.8033266067504883,
            "Time": 0.0
        },
        "objects_0924-1623": {
            "MPSNR": 16.3818072082636,
            "MSSIM": 0.16982304978428361,
            "SAM": 0.7646827101707458,
            "Time": 0.0
        },
        "objects_0924-1650": {
            "MPSNR": 17.616946797404452,
            "MSSIM": 0.23048905343856635,
            "SAM": 0.7053544521331787,
            "Time": 0.0
        },
        "nachal_0823-1214": {
            "MPSNR": 17.399989157172133,
            "MSSIM": 0.22001884270392655,
            "SAM": 0.5623815655708313,
            "Time": 0.0
        },
        "Labtest_0910-1504": {
            "MPSNR": 15.732229768394454,
            "MSSIM": 0.06937644940647845,
            "SAM": 0.946414053440094,
            "Time": 0.0
        },
        "objects_0924-1648": {
            "MPSNR": 26.12584619524005,
            "MSSIM": 0.6333531525649846,
            "SAM": 0.3918662965297699,
            "Time": 0.0
        },
        "rmt_0328-1249-1": {
            "MPSNR": 17.51789318628901,
            "MSSIM": 0.14860829700894543,
            "SAM": 0.8913018107414246,
            "Time": 0.0
        },
        "Labtest_0910-1509": {
            "MPSNR": 14.72700045330205,
            "MSSIM": 0.08499392685555161,
            "SAM": 0.9342165589332581,
            "Time": 0.0
        },
        "objects_0924-1611": {
            "MPSNR": 14.694382367120616,
            "MSSIM": 0.12164913844838401,
            "SAM": 0.7332947254180908,
            "Time": 0.0
        },
        "nachal_0823-1127": {
            "MPSNR": 20.193657838271637,
            "MSSIM": 0.3193224475765835,
            "SAM": 0.49675312638282776,
            "Time": 0.0
        },
        "IDS_COLORCHECK_1020-1215-1": {
            "MPSNR": 18.252984824199554,
            "MSSIM": 0.19244889332011772,
            "SAM": 0.8306143879890442,
            "Time": 0.0
        },
        "Labtest_0910-1513": {
            "MPSNR": 18.7814539483813,
            "MSSIM": 0.2896866642017524,
            "SAM": 0.7984127402305603,
            "Time": 0.0
        },
        "selfie_0822-0906": {
            "MPSNR": 19.454582715502625,
            "MSSIM": 0.28785181573071006,
            "SAM": 0.37437760829925537,
            "Time": 0.0
        },
        "nachal_0823-1118": {
            "MPSNR": 27.35550047042996,
            "MSSIM": 0.715322864233867,
            "SAM": 0.4030170440673828,
            "Time": 0.0
        },
        "objects_0924-1617": {
            "MPSNR": 21.903465972750528,
            "MSSIM": 0.4038703042298828,
            "SAM": 0.492020845413208,
            "Time": 0.0
        },
        "ulm_0328-1118": {
            "MPSNR": 15.738392221106759,
            "MSSIM": 0.1548443506518901,
            "SAM": 0.7124948501586914,
            "Time": 0.0
        },
        "Lehavim_0910-1716": {
            "MPSNR": 15.34406560472169,
            "MSSIM": 0.08057408511120132,
            "SAM": 0.9478342533111572,
            "Time": 0.0
        },
        "Lehavim_0910-1635": {
            "MPSNR": 23.38873935743902,
            "MSSIM": 0.5603161553787014,
            "SAM": 0.3745054304599762,
            "Time": 0.0
        },
        "objects_0924-1607": {
            "MPSNR": 27.328333215922978,
            "MSSIM": 0.6911306808153816,
            "SAM": 0.31777840852737427,
            "Time": 0.0
        },
        "objects_0924-1625": {
            "MPSNR": 21.61110797957996,
            "MSSIM": 0.399750121197883,
            "SAM": 0.4938923120498657,
            "Time": 0.0
        },
        "nachal_0823-1144": {
            "MPSNR": 19.023330079852034,
            "MSSIM": 0.26439487996048333,
            "SAM": 0.5642709136009216,
            "Time": 0.0
        },
        "nachal_0823-1121": {
            "MPSNR": 18.018188117872366,
            "MSSIM": 0.25582204349438664,
            "SAM": 0.6096322536468506,
            "Time": 0.0
        },
        "gavyam_0823-0930": {
            "MPSNR": 23.400757992269003,
            "MSSIM": 0.47383060495163354,
            "SAM": 0.6418845057487488,
            "Time": 0.0
        },
        "objects_0924-1628": {
            "MPSNR": 17.96577904257755,
            "MSSIM": 0.2054841425394904,
            "SAM": 0.7448436617851257,
            "Time": 0.0
        },
        "rmt_0328-1241-1": {
            "MPSNR": 16.076172903585686,
            "MSSIM": 0.18530623562258836,
            "SAM": 0.4107450544834137,
            "Time": 0.0
        },
        "objects_0924-1641": {
            "MPSNR": 20.71926979413074,
            "MSSIM": 0.3543914665087393,
            "SAM": 0.5786793828010559,
            "Time": 0.0
        },
        "nachal_0823-1223": {
            "MPSNR": 27.38097678309908,
            "MSSIM": 0.7164838689735352,
            "SAM": 0.3256816565990448,
            "Time": 0.0
        },
        "objects_0924-1614": {
            "MPSNR": 17.205425959456758,
            "MSSIM": 0.19484960776663493,
            "SAM": 0.6611047387123108,
            "Time": 0.0
        },
        "nachal_0823-1047": {
            "MPSNR": 16.90317062529732,
            "MSSIM": 0.2483690826901201,
            "SAM": 0.5237210392951965,
            "Time": 0.0
        },
        "negev_0823-1003": {
            "MPSNR": 17.41008800462569,
            "MSSIM": 0.20474001570652584,
            "SAM": 0.5432496070861816,
            "Time": 0.0
        },
        "Lehavim_0910-1626": {
            "MPSNR": 14.36225821180743,
            "MSSIM": 0.09826767717043915,
            "SAM": 0.8019689917564392,
            "Time": 0.0
        },
        "nachal_0823-1149": {
            "MPSNR": 20.0839375686662,
            "MSSIM": 0.31757002378844956,
            "SAM": 0.741767168045044,
            "Time": 0.0
        },
        "objects_0924-1602": {
            "MPSNR": 22.70071120935527,
            "MSSIM": 0.44576290120898604,
            "SAM": 0.4832739531993866,
            "Time": 0.0
        },
        "nachal_0823-1217": {
            "MPSNR": 16.63912812840415,
            "MSSIM": 0.18433063714856968,
            "SAM": 0.6767101287841797,
            "Time": 0.0
        },
        "CC_40D_2_1103-0917": {
            "MPSNR": 23.741787838420834,
            "MSSIM": 0.5205736183684535,
            "SAM": 0.2882002592086792,
            "Time": 0.0
        },
        "Master2900k": {
            "MPSNR": 15.800123908623435,
            "MSSIM": 0.052571353694789776,
            "SAM": 1.000426173210144,