{
    "avg": {
        "MPSNR": 41.53799534173839,
        "MSSIM": 0.9855543616381377,
        "SAM": 0.049950436241924766,
        "Time": 0.5750599999999999
    },
    "detail": {
        "gavyam_0823-0933": {
            "MPSNR": 39.73195705127164,
            "MSSIM": 0.9835994697262789,
            "SAM": 0.02614201419055462,
            "Time": 0.582
        },
        "objects_0924-1557": {
            "MPSNR": 40.99833611983927,
            "MSSIM": 0.9907298301396139,
            "SAM": 0.03599298372864723,
            "Time": 0.575
        },
        "lehavim_0910-1600": {
            "MPSNR": 42.159346378126514,
            "MSSIM": 0.9877549973924393,
            "SAM": 0.023212434723973274,
            "Time": 0.572
        },
        "Lehavim_0910-1717": {
            "MPSNR": 41.69976144518301,
            "MSSIM": 0.9837977879600432,
            "SAM": 0.05555065721273422,
            "Time": 0.571
        },
        "gavyam_0823-0944": {
            "MPSNR": 39.84089703608623,
            "MSSIM": 0.9845116547553338,
            "SAM": 0.03209732845425606,
            "Time": 0.575
        },
        "nachal_0823-1222": {
            "MPSNR": 41.28709305808265,
            "MSSIM": 0.9846569685102169,
            "SAM": 0.04746199771761894,
            "Time": 0.574
        },
        "lehavim_0910-1610": {
            "MPSNR": 39.71912972930331,
            "MSSIM": 0.9791013259719545,
            "SAM": 0.05290753021836281,
            "Time": 0.572
        },
        "objects_0924-1623": {
            "MPSNR": 42.58060496678251,
            "MSSIM": 0.9935367521491073,
            "SAM": 0.040633391588926315,
            "Time": 0.575
        },
        "objects_0924-1650": {
            "MPSNR": 39.64521532437528,
            "MSSIM": 0.9845542371824353,
            "SAM": 0.054825183004140854,
            "Time": 0.573
        },
        "nachal_0823-1214": {
            "MPSNR": 39.25703248729287,
            "MSSIM": 0.9788580720721676,
            "SAM": 0.030213359743356705,
            "Time": 0.573
        },
        "Labtest_0910-1504": {
            "MPSNR": 46.62391958141878,
            "MSSIM": 0.9905450244980469,
            "SAM": 0.08874485641717911,
            "Time": 0.573
        },
        "objects_0924-1648": {
            "MPSNR": 40.89072215561235,
            "MSSIM": 0.9900187759739948,
            "SAM": 0.04664211720228195,
            "Time": 0.575
        },
        "rmt_0328-1249-1": {
            "MPSNR": 43.422047330491374,
            "MSSIM": 0.9861671895660669,
            "SAM": 0.07893678545951843,
            "Time": 0.575
        },
        "Labtest_0910-1509": {
            "MPSNR": 41.64011779592106,
            "MSSIM": 0.9787700510071511,
            "SAM": 0.08747662603855133,
            "Time": 0.573
        },
        "objects_0924-1611": {
            "MPSNR": 41.295232531560565,
            "MSSIM": 0.991315247941362,
            "SAM": 0.03591175749897957,
            "Time": 0.575
        },
        "nachal_0823-1127": {
            "MPSNR": 41.09862051964364,
            "MSSIM": 0.9861360303020353,
            "SAM": 0.03298213332891464,
            "Time": 0.573
        },
        "IDS_COLORCHECK_1020-1215-1": {
            "MPSNR": 45.3541223645316,
            "MSSIM": 0.9933158252436423,
            "SAM": 0.044079240411520004,
            "Time": 0.574
        },
        "Labtest_0910-1513": {
            "MPSNR": 40.6383879278926,
            "MSSIM": 0.9851700820616639,
            "SAM": 0.0672065019607544,
            "Time": 0.575
        },
        "selfie_0822-0906": {
            "MPSNR": 39.31031412765832,
            "MSSIM": 0.9787068122555103,
            "SAM": 0.03165793791413307,
            "Time": 0.572
        },
        "nachal_0823-1118": {
            "MPSNR": 39.63803287571901,
            "MSSIM": 0.9791289387836004,
            "SAM": 0.04902242496609688,
            "Time": 0.575
        },
        "objects_0924-1617": {
            "MPSNR": 41.37681401595267,
            "MSSIM": 0.9915204678748516,
            "SAM": 0.03528529778122902,
            "Time": 0.575
        },
        "ulm_0328-1118": {
            "MPSNR": 41.29308450386023,
            "MSSIM": 0.9890220454732902,
            "SAM": 0.036266524344682693,
            "Time": 0.577
        },
        "Lehavim_0910-1716": {
            "MPSNR": 44.27431514137759,
            "MSSIM": 0.9853812631317713,
            "SAM": 0.07546822726726532,
            "Time": 0.576
        },
        "Lehavim_0910-1635": {
            "MPSNR": 35.108840600677766,
            "MSSIM": 0.9562565602632012,
            "SAM": 0.07267666608095169,
            "Time": 0.575
        },
        "objects_0924-1607": {
            "MPSNR": 41.19550751180004,
            "MSSIM": 0.9910312163335411,
            "SAM": 0.03752008080482483,
            "Time": 0.577
        },
        "objects_0924-1625": {
            "MPSNR": 40.19288793586991,
            "MSSIM": 0.9894706912962185,
            "SAM": 0.04019824042916298,
            "Time": 0.573
        },
        "nachal_0823-1144": {
            "MPSNR": 40.98891588818028,
            "MSSIM": 0.9846912477149469,
            "SAM": 0.034806475043296814,
            "Time": 0.575
        },
        "nachal_0823-1121": {
            "MPSNR": 39.64695443869582,
            "MSSIM": 0.9828832628007668,
            "SAM": 0.03745651990175247,
            "Time": 0.575
        },
        "gavyam_0823-0930": {
            "MPSNR": 39.076204004575224,
            "MSSIM": 0.9720350050819663,
            "SAM": 0.0770653709769249,
            "Time": 0.577
        },
        "objects_0924-1628": {
            "MPSNR": 42.77552669053193,
            "MSSIM": 0.9931259049508767,
            "SAM": 0.043594006448984146,
            "Time": 0.572
        },
        "rmt_0328-1241-1": {
            "MPSNR": 37.968998168518304,
            "MSSIM": 0.977780725031117,
            "SAM": 0.02653273195028305,
            "Time": 0.578
        },
        "objects_0924-1641": {
            "MPSNR": 39.972223091394184,
            "MSSIM": 0.9882698312078836,
            "SAM": 0.05066053569316864,
            "Time": 0.575
        },
        "nachal_0823-1223": {
            "MPSNR": 41.05479374296507,
            "MSSIM": 0.9869533776645407,
            "SAM": 0.03283720463514328,
            "Time": 0.577
        },
        "objects_0924-1614": {
            "MPSNR": 41.48610159023176,
            "MSSIM": 0.9915883095615041,
            "SAM": 0.03589553013443947,
            "Time": 0.574
        },
        "nachal_0823-1047": {
            "MPSNR": 38.758663326199084,
            "MSSIM": 0.9823409261281986,
            "SAM": 0.02658354677259922,
            "Time": 0.577
        },
        "negev_0823-1003": {
            "MPSNR": 40.108439982081435,
            "MSSIM": 0.9807661323955676,
            "SAM": 0.02212267741560936,
            "Time": 0.577
        },
        "Lehavim_0910-1626": {
            "MPSNR": 38.292756606153496,
            "MSSIM": 0.9648098150870479,
            "SAM": 0.04057897999882698,
            "Time": 0.576
        },
        "nachal_0823-1149": {
            "MPSNR": 38.999950610610185,
            "MSSIM": 0.9748955308544357,
            "SAM": 0.07647395879030228,
            "Time": 0.577
        },
        "objects_0924-1602": {
            "MPSNR": 40.903001090668695,
            "MSSIM": 0.9904420732386409,
            "SAM": 0.04097949340939522,
            "Time": 0.577
        },
        "nachal_0823-1217": {
            "MPSNR": 40.24433845241554,
            "MSSIM": 0.9821867135859222,
            "SAM": 0.04035774618387222,
            "Time": 0.578
        },
        "CC_40D_2_1103-0917": {
            "MPSNR": 41.98701024553366,
            "MSSIM": 0.991682906733773,
            "SAM": 0.02252642810344696,
            "Time": 0.572
        },
        "Master2900k": {
            "MPSNR": 52.782421038024786,