{
    "avg": {
        "MPSNR": 44.11906222362543,
        "MSSIM": 0.9932328426731298,
        "SAM": 0.03912615657364037,
        "Time": 0.516588235294118
    },
    "detail": {
        "nachal_0823-1147": {
            "MPSNR": 42.62921121674256,
            "MSSIM": 0.9911710837567862,
            "SAM": 0.025230398401618004,
            "Time": 0.964
        },
        "objects_0924-1600": {
            "MPSNR": 42.31694159811416,
            "MSSIM": 0.9937596003353113,
            "SAM": 0.034964483231306076,
            "Time": 0.503
        },
        "objects_0924-1601": {
            "MPSNR": 43.20588326520354,
            "MSSIM": 0.9944310235599042,
            "SAM": 0.03223749250173569,
            "Time": 0.504
        },
        "Labtest_0910-1510": {
            "MPSNR": 47.402740697385894,
            "MSSIM": 0.9950139327630806,
            "SAM": 0.058572158217430115,
            "Time": 0.505
        },
        "Lehavim_0910-1725": {
            "MPSNR": 42.64551858461112,
            "MSSIM": 0.988708666436514,
            "SAM": 0.05995383486151695,
            "Time": 0.502
        },
        "lehavim_0910-1605": {
            "MPSNR": 42.610246730182126,
            "MSSIM": 0.9910553975210363,
            "SAM": 0.040470726788043976,
            "Time": 0.505
        },
        "objects_0924-1556": {
            "MPSNR": 46.524366448546786,
            "MSSIM": 0.995887551118121,
            "SAM": 0.040934909135103226,
            "Time": 0.503
        },
        "gavyam_0823-0945": {
            "MPSNR": 42.71366686374294,
            "MSSIM": 0.9891873956469656,
            "SAM": 0.05595187470316887,
            "Time": 0.502
        },
        "objects_0924-1620": {
            "MPSNR": 44.6782291808731,
            "MSSIM": 0.9959183865720173,
            "SAM": 0.026221372187137604,
            "Time": 0.504
        },
        "objects_0924-1619": {
            "MPSNR": 43.59064068696744,
            "MSSIM": 0.994804810785694,
            "SAM": 0.032007452100515366,
            "Time": 0.504
        },
        "IDS_COLORCHECK_1020-1223": {
            "MPSNR": 44.00109134480073,
            "MSSIM": 0.994488983665253,
            "SAM": 0.018619131296873093,
            "Time": 0.503
        },
        "Labtest_0910-1502": {
            "MPSNR": 44.8301739207413,
            "MSSIM": 0.9934023392510775,
            "SAM": 0.06493917107582092,
            "Time": 0.503
        },
        "objects_0924-1634": {
            "MPSNR": 42.36412499365879,
            "MSSIM": 0.9928606087666625,
            "SAM": 0.022305825725197792,
            "Time": 0.504
        },
        "lehavim_0910-1607": {
            "MPSNR": 43.756104667540384,
            "MSSIM": 0.9900123414477533,
            "SAM": 0.06059567630290985,
            "Time": 0.505
        },
        "Lehavim_0910-1622": {
            "MPSNR": 44.59419374169624,
            "MSSIM": 0.9920229172903194,
            "SAM": 0.060804788023233414,
            "Time": 0.506
        },
        "tree_0822-0853": {
            "MPSNR": 43.616120133468264,
            "MSSIM": 0.9913351447442953,
            "SAM": 0.029825642704963684,
            "Time": 0.506
        },
        "objects_0924-1605": {
            "MPSNR": 44.16300297142546,
            "MSSIM": 0.9952349452109244,
            "SAM": 0.029094645753502846,
            "Time": 0.505
        },
        "gavyam_0823-0950-1": {
            "MPSNR": 41.66911491176877,
            "MSSIM": 0.9867421467611951,
            "SAM": 0.03683510050177574,
            "Time": 0.507
        },
        "objects_0924-1639": {
            "MPSNR": 44.20228252476922,
            "MSSIM": 0.994720433371454,
            "SAM": 0.03773448243737221,
            "Time": 0.507
        },
        "objects_0924-1558": {
            "MPSNR": 44.597267423936735,
            "MSSIM": 0.9954399630826953,
            "SAM": 0.03335585817694664,
            "Time": 0.507
        },
        "objects_0924-1612": {
            "MPSNR": 44.53024372504792,
            "MSSIM": 0.9956567886310473,
            "SAM": 0.02981739118695259,
            "Time": 0.506
        },
        "objects_0924-1624": {
            "MPSNR": 44.98823637854019,
            "MSSIM": 0.9962410397734766,
            "SAM": 0.02563013881444931,
            "Time": 0.509
        },
        "Lehavim_0910-1633": {
            "MPSNR": 47.69953640580442,
            "MSSIM": 0.9945817312223119,
            "SAM": 0.07104618102312088,
            "Time": 0.509
        },
        "bulb_0822-0903": {
            "MPSNR": 46.48274031986414,
            "MSSIM": 0.9948379028498606,
            "SAM": 0.04200804606080055,
            "Time": 0.508
        },
        "Lehavim_0910-1718": {
            "MPSNR": 46.944949662048685,
            "MSSIM": 0.9934646273107154,
            "SAM": 0.0719541683793068,
            "Time": 0.509
        },
        "objects_0924-1633": {
            "MPSNR": 43.90343554818027,
            "MSSIM": 0.9947523772711638,
            "SAM": 0.03335091099143028,
            "Time": 0.509
        },
        "nachal_0823-1210-4": {
            "MPSNR": 44.79466276569119,
            "MSSIM": 0.9948524925087722,
            "SAM": 0.028567790985107422,
            "Time": 0.51
        },
        "nachal_0823-1145": {
            "MPSNR": 43.61374436801042,
            "MSSIM": 0.9956023540686196,
            "SAM": 0.012871251441538334,
            "Time": 0.509
        },
        "nachal_0823-1220": {
            "MPSNR": 44.65859157480437,
            "MSSIM": 0.992867601034619,
            "SAM": 0.040972717106342316,
            "Time": 0.508
        },
        "nachal_0823-1152": {
            "MPSNR": 40.860379399983714,
            "MSSIM": 0.9847022871413444,
            "SAM": 0.04205842316150665,
            "Time": 0.509
        },
        "objects_0924-1610": {
            "MPSNR": 45.84727863279226,
            "MSSIM": 0.9962655299044078,
            "SAM": 0.03435089439153671,
            "Time": 0.508
        },
        "nachal_0823-1213": {
            "MPSNR": 43.89055081750909,
            "MSSIM": 0.9921817237155685,
            "SAM": 0.03210340440273285,
            "Time": 0.509
        },
        "objects_0924-1631": {
            "MPSNR": 42.63523359836861,
            "MSSIM": 0.9946825338566337,
            "SAM": 0.03196514770388603,
            "Time": 0.509
        },
        "negev_0823-1005": {
            "MPSNR": 42.50771597416993,
            "MSSIM": 0.9923826071100911,
            "SAM": 0.017331035807728767,
            "Time": 0.509
        },
        "Lehavim_0910-1640": {
            "MPSNR": 43.330828193362876,
            "MSSIM": 0.9910471686692001,
            "SAM": 0.04867159202694893,
            "Time": 0.509
        },
        "Labtest_0910-1506": {
            "MPSNR": 43.754666636150034,
            "MSSIM": 0.9918334521525984,
            "SAM": 0.06732547283172607,
            "Time": 0.51
        },
        "objects_0924-1652": {
            "MPSNR": 43.68069533839409,
            "MSSIM": 0.9918275687163709,
            "SAM": 0.04064811393618584,
            "Time": 0.51
        },
        "Lehavim_0910-1629": {
            "MPSNR": 45.3234508115467,
            "MSSIM": 0.9924312507631149,
            "SAM": 0.05545077100396156,
            "Time": 0.51
        },
        "Lehavim_0910-1708": {
            "MPSNR": 44.35620347208211,
            "MSSIM": 0.9927842285230983,
            "SAM": 0.03161182627081871,
            "Time": 0.51
        },
        "objects_0924-1629": {
            "MPSNR": 43.85567065697212,
            "MSSIM": 0.9947950196675466,
            "SAM": 0.03238462284207344,
            "Time": 0.509
        },
        "Lehavim_0910-1627": {
            "MPSNR": 44.58348190770454,
            "MSSIM": 0.992017263946575,
            "SAM": 0.06098490580916405,
            "Time": 0.51
        },