{
    "avg": {
        "MPSNR": 42.804239105517745,
        "MSSIM": 0.9881139861010984,
        "SAM": 0.04771418645977974,
        "Time": 0.5151599999999997
    },
    "detail": {
        "gavyam_0823-0933": {
            "MPSNR": 38.32886332079948,
            "MSSIM": 0.978578535959332,
            "SAM": 0.030390433967113495,
            "Time": 0.52
        },
        "objects_0924-1557": {
            "MPSNR": 41.95025432144228,
            "MSSIM": 0.9921548091906831,
            "SAM": 0.0325898677110672,
            "Time": 0.515
        },
        "lehavim_0910-1600": {
            "MPSNR": 41.95686183115181,
            "MSSIM": 0.9874526677939781,
            "SAM": 0.02442869544029236,
            "Time": 0.514
        },
        "Lehavim_0910-1717": {
            "MPSNR": 44.35853680677714,
            "MSSIM": 0.9914255555068338,
            "SAM": 0.04926063492894173,
            "Time": 0.515
        },
        "gavyam_0823-0944": {
            "MPSNR": 38.659111251310904,
            "MSSIM": 0.9804431228979115,
            "SAM": 0.036383386701345444,
            "Time": 0.515
        },
        "nachal_0823-1222": {
            "MPSNR": 43.134788344559254,
            "MSSIM": 0.9898241330676001,
            "SAM": 0.04168781265616417,
            "Time": 0.514
        },
        "lehavim_0910-1610": {
            "MPSNR": 38.908290250842164,
            "MSSIM": 0.9756501765386617,
            "SAM": 0.05677185580134392,
            "Time": 0.515
        },
        "objects_0924-1623": {
            "MPSNR": 42.5622105847926,
            "MSSIM": 0.9936558759810847,
            "SAM": 0.0399630106985569,
            "Time": 0.513
        },
        "objects_0924-1650": {
            "MPSNR": 40.43985081231071,
            "MSSIM": 0.9865008121507938,
            "SAM": 0.05361384153366089,
            "Time": 0.514
        },
        "nachal_0823-1214": {
            "MPSNR": 39.99000207005843,
            "MSSIM": 0.9818852384906649,
            "SAM": 0.02882636897265911,
            "Time": 0.515
        },
        "Labtest_0910-1504": {
            "MPSNR": 45.46395494385032,
            "MSSIM": 0.9880458644469866,
            "SAM": 0.10172656923532486,
            "Time": 0.514
        },
        "objects_0924-1648": {
            "MPSNR": 45.85111689219657,
            "MSSIM": 0.9962336806235893,
            "SAM": 0.029881427064538002,
            "Time": 0.516
        },
        "rmt_0328-1249-1": {
            "MPSNR": 43.57701364493478,
            "MSSIM": 0.9864783504355272,
            "SAM": 0.08064115792512894,
            "Time": 0.515
        },
        "Labtest_0910-1509": {
            "MPSNR": 40.519309617293914,
            "MSSIM": 0.9727057873758939,
            "SAM": 0.09617138653993607,
            "Time": 0.515
        },
        "objects_0924-1611": {
            "MPSNR": 40.740021281406136,
            "MSSIM": 0.9903324369737176,
            "SAM": 0.03657091036438942,
            "Time": 0.517
        },
        "nachal_0823-1127": {
            "MPSNR": 43.302724815354395,
            "MSSIM": 0.9907705424122717,
            "SAM": 0.02852630987763405,
            "Time": 0.516
        },
        "IDS_COLORCHECK_1020-1215-1": {
            "MPSNR": 46.126982817986246,
            "MSSIM": 0.9942711734735693,
            "SAM": 0.042233943939208984,
            "Time": 0.514
        },
        "Labtest_0910-1513": {
            "MPSNR": 41.89398976560647,
            "MSSIM": 0.9886365527155292,
            "SAM": 0.06285318732261658,
            "Time": 0.514
        },
        "selfie_0822-0906": {
            "MPSNR": 41.39298410454604,
            "MSSIM": 0.985779487332297,
            "SAM": 0.026374226436018944,
            "Time": 0.516
        },
        "nachal_0823-1118": {
            "MPSNR": 45.710856405251114,
            "MSSIM": 0.9948252443362973,
            "SAM": 0.033108189702034,
            "Time": 0.514
        },
        "objects_0924-1617": {
            "MPSNR": 44.76771086271008,
            "MSSIM": 0.9954615631912148,
            "SAM": 0.025977477431297302,
            "Time": 0.514
        },
        "ulm_0328-1118": {
            "MPSNR": 41.048149598881174,
            "MSSIM": 0.9883924951066232,
            "SAM": 0.03770866245031357,
            "Time": 0.514
        },
        "Lehavim_0910-1716": {
            "MPSNR": 43.22539968792631,
            "MSSIM": 0.9818391448421669,
            "SAM": 0.08285021781921387,
            "Time": 0.516
        },
        "Lehavim_0910-1635": {
            "MPSNR": 38.145621474317316,
            "MSSIM": 0.9752364956502316,
            "SAM": 0.06254011392593384,
            "Time": 0.514
        },
        "objects_0924-1607": {
            "MPSNR": 47.15993678411683,
            "MSSIM": 0.9971209486779198,
            "SAM": 0.022554297000169754,
            "Time": 0.516
        },
        "objects_0924-1625": {
            "MPSNR": 43.29500083237516,
            "MSSIM": 0.9942474861245836,
            "SAM": 0.030193617567420006,
            "Time": 0.513
        },
        "nachal_0823-1144": {
            "MPSNR": 42.79513206783397,
            "MSSIM": 0.9896217793331931,
            "SAM": 0.032231081277132034,
            "Time": 0.514
        },
        "nachal_0823-1121": {
            "MPSNR": 40.73720166703191,
            "MSSIM": 0.9863613178623784,
            "SAM": 0.03523147851228714,
            "Time": 0.513
        },
        "gavyam_0823-0930": {
            "MPSNR": 42.74192938528292,
            "MSSIM": 0.9877167255191633,
            "SAM": 0.061014324426651,
            "Time": 0.515
        },
        "objects_0924-1628": {
            "MPSNR": 43.65677566975939,
            "MSSIM": 0.9941330228829176,
            "SAM": 0.03978358209133148,
            "Time": 0.517
        },
        "rmt_0328-1241-1": {
            "MPSNR": 38.678208699397004,
            "MSSIM": 0.980503716595669,
            "SAM": 0.025307508185505867,
            "Time": 0.513
        },
        "objects_0924-1641": {
            "MPSNR": 42.61724755759688,
            "MSSIM": 0.9931366253603058,
            "SAM": 0.038921233266592026,
            "Time": 0.514
        },
        "nachal_0823-1223": {
            "MPSNR": 47.11636792361163,
            "MSSIM": 0.9965788495352135,
            "SAM": 0.022396191954612732,
            "Time": 0.515
        },
        "objects_0924-1614": {
            "MPSNR": 42.30961766590896,
            "MSSIM": 0.9927355676878623,
            "SAM": 0.03256775066256523,
            "Time": 0.516
        },
        "nachal_0823-1047": {
            "MPSNR": 39.59756831063335,
            "MSSIM": 0.9854140741947544,
            "SAM": 0.025339417159557343,
            "Time": 0.517
        },
        "negev_0823-1003": {
            "MPSNR": 41.028716648411695,
            "MSSIM": 0.9844851118149268,
            "SAM": 0.02151750959455967,
            "Time": 0.517
        },
        "Lehavim_0910-1626": {
            "MPSNR": 37.21519870501195,
            "MSSIM": 0.9555613932785888,
            "SAM": 0.04418270289897919,
            "Time": 0.516
        },
        "nachal_0823-1149": {
            "MPSNR": 40.61599821310077,
            "MSSIM": 0.9840155907767716,
            "SAM": 0.07446056604385376,
            "Time": 0.517
        },
        "objects_0924-1602": {
            "MPSNR": 44.69637583710288,
            "MSSIM": 0.9953097600026837,
            "SAM": 0.029278241097927094,
            "Time": 0.517
        },
        "nachal_0823-1217": {
            "MPSNR": 40.51769981545037,
            "MSSIM": 0.9834480929921225,
            "SAM": 0.03987572714686394,
            "Time": 0.514
        },
        "CC_40D_2_1103-0917": {
            "MPSNR": 45.78987940932821,
            "MSSIM": 0.9959700262154602,
            "SAM": 0.017086699604988098,
            "Time": 0.514
        },
        "Master2900k": {
            "MPSNR": 50.06493581946623,