{
    "avg": {
        "MPSNR": 40.339296825069766,
        "MSSIM": 0.9770866293374749,
        "SAM": 0.08565887209831499,
        "Time": 0.5148235294117649
    },
    "detail": {
        "nachal_0823-1147": {
            "MPSNR": 40.79476015895777,
            "MSSIM": 0.9877975540053471,
            "SAM": 0.032066766172647476,
            "Time": 0.521
        },
        "objects_0924-1600": {
            "MPSNR": 38.894821245474816,
            "MSSIM": 0.9754482661362595,
            "SAM": 0.08836595714092255,
            "Time": 0.514
        },
        "objects_0924-1601": {
            "MPSNR": 39.669902060325015,
            "MSSIM": 0.9880958728236373,
            "SAM": 0.053720247000455856,
            "Time": 0.514
        },
        "Labtest_0910-1510": {
            "MPSNR": 41.22463511538869,
            "MSSIM": 0.9571613345592407,
            "SAM": 0.1346352994441986,
            "Time": 0.515
        },
        "Lehavim_0910-1725": {
            "MPSNR": 39.22145474041208,
            "MSSIM": 0.9685223904296397,
            "SAM": 0.13349220156669617,
            "Time": 0.515
        },
        "lehavim_0910-1605": {
            "MPSNR": 39.35295080311624,
            "MSSIM": 0.9823793181436459,
            "SAM": 0.08741455525159836,
            "Time": 0.515
        },
        "objects_0924-1556": {
            "MPSNR": 39.24345342297005,
            "MSSIM": 0.9688560446132617,
            "SAM": 0.10871018469333649,
            "Time": 0.515
        },
        "gavyam_0823-0945": {
            "MPSNR": 39.493674662639684,
            "MSSIM": 0.9744771343479651,
            "SAM": 0.09239661693572998,
            "Time": 0.516
        },
        "objects_0924-1620": {
            "MPSNR": 42.39993590516879,
            "MSSIM": 0.9941939780252804,
            "SAM": 0.03420998901128769,
            "Time": 0.515
        },
        "objects_0924-1619": {
            "MPSNR": 40.61520035854712,
            "MSSIM": 0.9897980389472212,
            "SAM": 0.06557315587997437,
            "Time": 0.517
        },
        "IDS_COLORCHECK_1020-1223": {
            "MPSNR": 39.1291394511119,
            "MSSIM": 0.9880047271847863,
            "SAM": 0.02981138974428177,
            "Time": 0.514
        },
        "Labtest_0910-1502": {
            "MPSNR": 37.8256607744981,
            "MSSIM": 0.9501958446693797,
            "SAM": 0.21020838618278503,
            "Time": 0.517
        },
        "objects_0924-1634": {
            "MPSNR": 40.64326191435125,
            "MSSIM": 0.9894788636643702,
            "SAM": 0.02615780010819435,
            "Time": 0.515
        },
        "lehavim_0910-1607": {
            "MPSNR": 37.9267115644101,
            "MSSIM": 0.927624327502156,
            "SAM": 0.2364836037158966,
            "Time": 0.515
        },
        "Lehavim_0910-1622": {
            "MPSNR": 41.512901269139924,
            "MSSIM": 0.9721973021411439,
            "SAM": 0.09671153873205185,
            "Time": 0.515
        },
        "tree_0822-0853": {
            "MPSNR": 39.10079750561401,
            "MSSIM": 0.9759945171264002,
            "SAM": 0.05333884805440903,
            "Time": 0.514
        },
        "objects_0924-1605": {
            "MPSNR": 41.57493736790982,
            "MSSIM": 0.9922996267472145,
            "SAM": 0.040356144309043884,
            "Time": 0.517
        },
        "gavyam_0823-0950-1": {
            "MPSNR": 39.32132121976956,
            "MSSIM": 0.977094423816967,
            "SAM": 0.05748463049530983,
            "Time": 0.513
        },
        "objects_0924-1639": {
            "MPSNR": 40.02767906609352,
            "MSSIM": 0.9849312790945292,
            "SAM": 0.07228511571884155,
            "Time": 0.515
        },
        "objects_0924-1558": {
            "MPSNR": 42.995592175627635,
            "MSSIM": 0.9927308385004782,
            "SAM": 0.05263476073741913,
            "Time": 0.516
        },
        "objects_0924-1612": {
            "MPSNR": 42.07734230568647,
            "MSSIM": 0.9928422133330513,
            "SAM": 0.04088664799928665,
            "Time": 0.515
        },
        "objects_0924-1624": {
            "MPSNR": 41.83129012149165,
            "MSSIM": 0.9933200937320646,
            "SAM": 0.04009493812918663,
            "Time": 0.515
        },
        "Lehavim_0910-1633": {
            "MPSNR": 40.34162758265003,
            "MSSIM": 0.9292139850775467,
            "SAM": 0.2907472848892212,
            "Time": 0.514
        },
        "bulb_0822-0903": {
            "MPSNR": 41.08333148278391,
            "MSSIM": 0.9748817330114866,
            "SAM": 0.08793728053569794,
            "Time": 0.514
        },
        "Lehavim_0910-1718": {
            "MPSNR": 39.84271711224743,
            "MSSIM": 0.9285958424254562,
            "SAM": 0.3096182942390442,
            "Time": 0.516
        },
        "objects_0924-1633": {
            "MPSNR": 41.116437388949606,
            "MSSIM": 0.9912634555243156,
            "SAM": 0.04516536369919777,
            "Time": 0.516
        },
        "nachal_0823-1210-4": {
            "MPSNR": 40.67414950676681,
            "MSSIM": 0.9867712681094624,
            "SAM": 0.04619894176721573,
            "Time": 0.515
        },
        "nachal_0823-1145": {
            "MPSNR": 39.16347780590931,
            "MSSIM": 0.9919330425687135,
            "SAM": 0.025660991668701172,
            "Time": 0.515
        },
        "nachal_0823-1220": {
            "MPSNR": 39.34042736129142,
            "MSSIM": 0.9626571061548158,
            "SAM": 0.11727840453386307,
            "Time": 0.513
        },
        "nachal_0823-1152": {
            "MPSNR": 41.3470974793848,
            "MSSIM": 0.9850542395014288,
            "SAM": 0.049208372831344604,
            "Time": 0.515
        },
        "objects_0924-1610": {
            "MPSNR": 43.04126868916315,
            "MSSIM": 0.9896384552215671,
            "SAM": 0.09968891739845276,
            "Time": 0.514
        },
        "nachal_0823-1213": {
            "MPSNR": 40.62382759863967,
            "MSSIM": 0.9849836498433419,
            "SAM": 0.0583765022456646,
            "Time": 0.515
        },
        "objects_0924-1631": {
            "MPSNR": 39.9971953633436,
            "MSSIM": 0.9914696601059282,
            "SAM": 0.04746843874454498,
            "Time": 0.514
        },
        "negev_0823-1005": {
            "MPSNR": 38.35322523731128,
            "MSSIM": 0.9803747178418274,
            "SAM": 0.023339973762631416,
            "Time": 0.515
        },
        "Lehavim_0910-1640": {
            "MPSNR": 40.47452791338239,
            "MSSIM": 0.9755195843446952,
            "SAM": 0.08776375651359558,
            "Time": 0.515
        },
        "Labtest_0910-1506": {
            "MPSNR": 40.96771812299583,
            "MSSIM": 0.9821341967691372,
            "SAM": 0.0921250730752945,
            "Time": 0.513
        },
        "objects_0924-1652": {
            "MPSNR": 40.633204665008314,
            "MSSIM": 0.9849603579103635,
            "SAM": 0.050984516739845276,
            "Time": 0.514
        },
        "Lehavim_0910-1629": {
            "MPSNR": 39.57052980354759,
            "MSSIM": 0.9580402021838659,
            "SAM": 0.16875188052654266,
            "Time": 0.515
        },
        "Lehavim_0910-1708": {
            "MPSNR": 41.31841086366065,
            "MSSIM": 0.9853192872257243,
            "SAM": 0.04713398590683937,
            "Time": 0.513
        },
        "objects_0924-1629": {
            "MPSNR": 41.15605415395295,
            "MSSIM": 0.9912950144413295,
            "SAM": 0.047759104520082474,
            "Time": 0.513
        },
        "Lehavim_0910-1627": {
            "MPSNR": 36.790986612584,
            "MSSIM": 0.9128492674034508,
            "SAM": 0.18504709005355835,
            "Time": 0.514
        },
        "objects_0924-1622": {
            "MPSNR": 41.358411793316314,