{
    "avg": {
        "MPSNR": 41.30064556136929,
        "MSSIM": 0.977641822985145,
        "SAM": 0.0915229993269724,
        "Time": 0.5740392156862745
    },
    "detail": {
        "nachal_0823-1147": {
            "MPSNR": 39.83585071371082,
            "MSSIM": 0.9732382584783453,
            "SAM": 0.048382945358753204,
            "Time": 0.58
        },
        "objects_0924-1600": {
            "MPSNR": 41.187349643532826,
            "MSSIM": 0.9912022697701458,
            "SAM": 0.05348982289433479,
            "Time": 0.572
        },
        "objects_0924-1601": {
            "MPSNR": 40.47011611722245,
            "MSSIM": 0.9898431203762962,
            "SAM": 0.04582757130265236,
            "Time": 0.574
        },
        "Labtest_0910-1510": {
            "MPSNR": 41.72640348658238,
            "MSSIM": 0.9450641890566117,
            "SAM": 0.21315130591392517,
            "Time": 0.576
        },
        "Lehavim_0910-1725": {
            "MPSNR": 42.56670402710069,
            "MSSIM": 0.9859898775657255,
            "SAM": 0.08643627166748047,
            "Time": 0.571
        },
        "lehavim_0910-1605": {
            "MPSNR": 41.21200672399505,
            "MSSIM": 0.986162906391491,
            "SAM": 0.058491241186857224,
            "Time": 0.576
        },
        "objects_0924-1556": {
            "MPSNR": 42.25983179448141,
            "MSSIM": 0.9526393116495684,
            "SAM": 0.23428839445114136,
            "Time": 0.574
        },
        "gavyam_0823-0945": {
            "MPSNR": 39.56871134315611,
            "MSSIM": 0.9747996009368539,
            "SAM": 0.09289927035570145,
            "Time": 0.573
        },
        "objects_0924-1620": {
            "MPSNR": 42.78383755707892,
            "MSSIM": 0.9939074625071884,
            "SAM": 0.04080072045326233,
            "Time": 0.574
        },
        "objects_0924-1619": {
            "MPSNR": 42.3682807130294,
            "MSSIM": 0.9929564598404972,
            "SAM": 0.043821271508932114,
            "Time": 0.574
        },
        "IDS_COLORCHECK_1020-1223": {
            "MPSNR": 42.326908191376134,
            "MSSIM": 0.9925024200067648,
            "SAM": 0.02051345258951187,
            "Time": 0.576
        },
        "Labtest_0910-1502": {
            "MPSNR": 40.25895817000612,
            "MSSIM": 0.9700635535665528,
            "SAM": 0.12156480550765991,
            "Time": 0.575
        },
        "objects_0924-1634": {
            "MPSNR": 42.211345260536085,
            "MSSIM": 0.9925771499899915,
            "SAM": 0.023727456107735634,
            "Time": 0.576
        },
        "lehavim_0910-1607": {
            "MPSNR": 39.86416876004984,
            "MSSIM": 0.9431451410116458,
            "SAM": 0.17914848029613495,
            "Time": 0.572
        },
        "Lehavim_0910-1622": {
            "MPSNR": 38.21645814558337,
            "MSSIM": 0.9006627132481123,
            "SAM": 0.35222798585891724,
            "Time": 0.572
        },
        "tree_0822-0853": {
            "MPSNR": 41.420157075326856,
            "MSSIM": 0.9838658564919218,
            "SAM": 0.04299021512269974,
            "Time": 0.575
        },
        "objects_0924-1605": {
            "MPSNR": 40.69698880520488,
            "MSSIM": 0.9779376412092063,
            "SAM": 0.09340527653694153,
            "Time": 0.572
        },
        "gavyam_0823-0950-1": {
            "MPSNR": 41.37892349880569,
            "MSSIM": 0.9866818047131383,
            "SAM": 0.05181499943137169,
            "Time": 0.572
        },
        "objects_0924-1639": {
            "MPSNR": 43.200362309612046,
            "MSSIM": 0.9937521914747575,
            "SAM": 0.0482417494058609,
            "Time": 0.574
        },
        "objects_0924-1558": {
            "MPSNR": 42.40137724772386,
            "MSSIM": 0.9924400805153779,
            "SAM": 0.055484555661678314,
            "Time": 0.572
        },
        "objects_0924-1612": {
            "MPSNR": 42.30788726834361,
            "MSSIM": 0.9923269312223925,
            "SAM": 0.05711440369486809,
            "Time": 0.574
        },
        "objects_0924-1624": {
            "MPSNR": 41.21188123843843,
            "MSSIM": 0.9903257535729892,
            "SAM": 0.056892409920692444,
            "Time": 0.574
        },
        "Lehavim_0910-1633": {
            "MPSNR": 42.77359029271297,
            "MSSIM": 0.9490935890892206,
            "SAM": 0.2535330653190613,
            "Time": 0.572
        },
        "bulb_0822-0903": {
            "MPSNR": 41.08222917427263,
            "MSSIM": 0.967826823958995,
            "SAM": 0.17774321138858795,
            "Time": 0.575
        },
        "Lehavim_0910-1718": {
            "MPSNR": 41.81591181590726,
            "MSSIM": 0.9434150031720523,
            "SAM": 0.2867663502693176,
            "Time": 0.573
        },
        "objects_0924-1633": {
            "MPSNR": 42.47930001343245,
            "MSSIM": 0.9931978521004311,
            "SAM": 0.04438745975494385,
            "Time": 0.575
        },
        "nachal_0823-1210-4": {
            "MPSNR": 40.1207261028233,
            "MSSIM": 0.9842995127588343,
            "SAM": 0.05688745155930519,
            "Time": 0.574
        },
        "nachal_0823-1145": {
            "MPSNR": 41.22062925268886,
            "MSSIM": 0.9910911528210553,
            "SAM": 0.019362062215805054,
            "Time": 0.573
        },
        "nachal_0823-1220": {
            "MPSNR": 40.96584172351161,
            "MSSIM": 0.9767196110328097,
            "SAM": 0.10785867273807526,
            "Time": 0.573
        },
        "nachal_0823-1152": {
            "MPSNR": 39.91704113716255,
            "MSSIM": 0.9736299473023421,
            "SAM": 0.08203143626451492,
            "Time": 0.575
        },
        "objects_0924-1610": {
            "MPSNR": 42.494532352195726,
            "MSSIM": 0.991083895029313,
            "SAM": 0.07275421917438507,
            "Time": 0.572
        },
        "nachal_0823-1213": {
            "MPSNR": 41.36053358272774,
            "MSSIM": 0.976691406056321,
            "SAM": 0.06145375221967697,
            "Time": 0.575
        },
        "objects_0924-1631": {
            "MPSNR": 40.12115003599718,
            "MSSIM": 0.990811213381812,
            "SAM": 0.05180254578590393,
            "Time": 0.574
        },
        "negev_0823-1005": {
            "MPSNR": 41.10044078085689,
            "MSSIM": 0.9887110453052008,
            "SAM": 0.020797455683350563,
            "Time": 0.573
        },
        "Lehavim_0910-1640": {
            "MPSNR": 39.98488434790055,
            "MSSIM": 0.9730104042623586,
            "SAM": 0.07811088860034943,
            "Time": 0.573
        },
        "Labtest_0910-1506": {
            "MPSNR": 37.78161515697079,
            "MSSIM": 0.9509414063878118,
            "SAM": 0.15933798253536224,
            "Time": 0.576
        },
        "objects_0924-1652": {
            "MPSNR": 41.91250650697195,
            "MSSIM": 0.9890975161213793,
            "SAM": 0.0492783859372139,
            "Time": 0.574
        },
        "Lehavim_0910-1629": {
            "MPSNR": 41.14345702193878,
            "MSSIM": 0.969858811562017,
            "SAM": 0.12840081751346588,
            "Time": 0.575
        },
        "Lehavim_0910-1708": {
            "MPSNR": 43.0541220411748,
            "MSSIM": 0.989838752331684,
            "SAM": 0.041999708861112595,
            "Time": 0.575
        },
        "objects_0924-1629": {
            "MPSNR": 41.43796940209955,
            "MSSIM": 0.9913254738793638,
            "SAM": 0.04823999106884003,
            "Time": 0.576
        },
        "Lehavim_0910-1627": {
            "MPSNR": 38.12020841910128,
            "MSSIM": 0.9243036402401725,
            "SAM": 0.2978247106075287,
            "Time": 0.573
        },
        "objects_0924-1622": {
            "MPSNR": 43.606397290850765,