{
    "avg": {
        "MPSNR": 41.327053590834524,
        "MSSIM": 0.9783345941854319,
        "SAM": 0.08488629261652629,
        "Time": 0.5140784313725488
    },
    "detail": {
        "nachal_0823-1147": {
            "MPSNR": 39.87104571714395,
            "MSSIM": 0.9749061737048166,
            "SAM": 0.04650547727942467,
            "Time": 0.515
        },
        "objects_0924-1600": {
            "MPSNR": 41.05239731238494,
            "MSSIM": 0.9913121789859545,
            "SAM": 0.05102748051285744,
            "Time": 0.514
        },
        "objects_0924-1601": {
            "MPSNR": 40.42603808950435,
            "MSSIM": 0.9902220199240216,
            "SAM": 0.04326878488063812,
            "Time": 0.514
        },
        "Labtest_0910-1510": {
            "MPSNR": 41.46624838497136,
            "MSSIM": 0.9467698917199564,
            "SAM": 0.20221221446990967,
            "Time": 0.514
        },
        "Lehavim_0910-1725": {
            "MPSNR": 42.59858562052187,
            "MSSIM": 0.9867890511165748,
            "SAM": 0.0822116881608963,
            "Time": 0.515
        },
        "lehavim_0910-1605": {
            "MPSNR": 41.12269640692389,
            "MSSIM": 0.9859916314264557,
            "SAM": 0.05581982433795929,
            "Time": 0.514
        },
        "objects_0924-1556": {
            "MPSNR": 41.980331946500726,
            "MSSIM": 0.9518859380834751,
            "SAM": 0.2327888309955597,
            "Time": 0.514
        },
        "gavyam_0823-0945": {
            "MPSNR": 39.356113333685364,
            "MSSIM": 0.9739972558831991,
            "SAM": 0.08663872629404068,
            "Time": 0.514
        },
        "objects_0924-1620": {
            "MPSNR": 42.61940985187129,
            "MSSIM": 0.9939400355940061,
            "SAM": 0.038308285176754,
            "Time": 0.514
        },
        "objects_0924-1619": {
            "MPSNR": 42.91126857551586,
            "MSSIM": 0.9936269071097239,
            "SAM": 0.037443503737449646,
            "Time": 0.514
        },
        "IDS_COLORCHECK_1020-1223": {
            "MPSNR": 41.91570380347594,
            "MSSIM": 0.9923060085685356,
            "SAM": 0.02121039107441902,
            "Time": 0.513
        },
        "Labtest_0910-1502": {
            "MPSNR": 40.7120939807414,
            "MSSIM": 0.974965071343146,
            "SAM": 0.11607605218887329,
            "Time": 0.512
        },
        "objects_0924-1634": {
            "MPSNR": 42.609461230944966,
            "MSSIM": 0.9924007227463052,
            "SAM": 0.02146783284842968,
            "Time": 0.513
        },
        "lehavim_0910-1607": {
            "MPSNR": 39.66554429804908,
            "MSSIM": 0.9438695105266315,
            "SAM": 0.19462144374847412,
            "Time": 0.513
        },
        "Lehavim_0910-1622": {
            "MPSNR": 38.25989999942179,
            "MSSIM": 0.901171682847527,
            "SAM": 0.34940943121910095,
            "Time": 0.515
        },
        "tree_0822-0853": {
            "MPSNR": 41.48876811884241,
            "MSSIM": 0.9843456901352922,
            "SAM": 0.04014702886343002,
            "Time": 0.513
        },
        "objects_0924-1605": {
            "MPSNR": 41.06064890635343,
            "MSSIM": 0.9803876260299368,
            "SAM": 0.08241917937994003,
            "Time": 0.512
        },
        "gavyam_0823-0950-1": {
            "MPSNR": 41.35969946000073,
            "MSSIM": 0.9866126529632587,
            "SAM": 0.04375416040420532,
            "Time": 0.514
        },
        "objects_0924-1639": {
            "MPSNR": 43.25385116848297,
            "MSSIM": 0.9936969065687806,
            "SAM": 0.04642721265554428,
            "Time": 0.514
        },
        "objects_0924-1558": {
            "MPSNR": 43.12579555859298,
            "MSSIM": 0.9933247198724162,
            "SAM": 0.04227130487561226,
            "Time": 0.513
        },
        "objects_0924-1612": {
            "MPSNR": 42.358975858577345,
            "MSSIM": 0.9923182714274286,
            "SAM": 0.052752796560525894,
            "Time": 0.515
        },
        "objects_0924-1624": {
            "MPSNR": 41.13626655282972,
            "MSSIM": 0.9908360068939761,
            "SAM": 0.05286424607038498,
            "Time": 0.513
        },
        "Lehavim_0910-1633": {
            "MPSNR": 42.15523459471156,
            "MSSIM": 0.9457579978140606,
            "SAM": 0.2254788726568222,
            "Time": 0.514
        },
        "bulb_0822-0903": {
            "MPSNR": 40.81787503954323,
            "MSSIM": 0.967772632210202,
            "SAM": 0.15572218596935272,
            "Time": 0.514
        },
        "Lehavim_0910-1718": {
            "MPSNR": 42.58204030286975,
            "MSSIM": 0.9548095076005594,
            "SAM": 0.23438100516796112,
            "Time": 0.513
        },
        "objects_0924-1633": {
            "MPSNR": 42.31045731292983,
            "MSSIM": 0.9930948346493259,
            "SAM": 0.04237513989210129,
            "Time": 0.514
        },
        "nachal_0823-1210-4": {
            "MPSNR": 39.665777688266346,
            "MSSIM": 0.9832103935346377,
            "SAM": 0.057554226368665695,
            "Time": 0.513
        },
        "nachal_0823-1145": {
            "MPSNR": 40.69633282660851,
            "MSSIM": 0.9917352523778395,
            "SAM": 0.019146589562296867,
            "Time": 0.514
        },
        "nachal_0823-1220": {
            "MPSNR": 41.355496691603534,
            "MSSIM": 0.9802742988411646,
            "SAM": 0.09552890062332153,
            "Time": 0.514
        },
        "nachal_0823-1152": {
            "MPSNR": 39.95585533660607,
            "MSSIM": 0.9738676821503544,
            "SAM": 0.0788809284567833,
            "Time": 0.513
        },
        "objects_0924-1610": {
            "MPSNR": 42.73313840522551,
            "MSSIM": 0.9917511401784721,
            "SAM": 0.07065698504447937,
            "Time": 0.515
        },
        "nachal_0823-1213": {
            "MPSNR": 41.14690413303751,
            "MSSIM": 0.9768127348946964,
            "SAM": 0.06573016196489334,
            "Time": 0.514
        },
        "objects_0924-1631": {
            "MPSNR": 40.070338459287356,
            "MSSIM": 0.9907922395826116,
            "SAM": 0.04805369675159454,
            "Time": 0.514
        },
        "negev_0823-1005": {
            "MPSNR": 41.33616932959468,
            "MSSIM": 0.9894271988492293,
            "SAM": 0.020277168601751328,
            "Time": 0.514
        },
        "Lehavim_0910-1640": {
            "MPSNR": 39.8862389072921,
            "MSSIM": 0.9732565919835005,
            "SAM": 0.07637695223093033,
            "Time": 0.514
        },
        "Labtest_0910-1506": {
            "MPSNR": 37.94417182269474,
            "MSSIM": 0.9534401858725363,
            "SAM": 0.14395567774772644,
            "Time": 0.515
        },
        "objects_0924-1652": {
            "MPSNR": 42.31852179445613,
            "MSSIM": 0.9892677672981675,
            "SAM": 0.04623156785964966,
            "Time": 0.512
        },
        "Lehavim_0910-1629": {
            "MPSNR": 41.13497071057122,
            "MSSIM": 0.9725884245924847,
            "SAM": 0.11758417636156082,
            "Time": 0.514
        },
        "Lehavim_0910-1708": {
            "MPSNR": 43.1215050406707,
            "MSSIM": 0.9900268890693327,
            "SAM": 0.041908811777830124,
            "Time": 0.514
        },
        "objects_0924-1629": {
            "MPSNR": 41.37617210595753,
            "MSSIM": 0.9915017602014389,
            "SAM": 0.04566369205713272,
            "Time": 0.516
        },
        "Lehavim_0910-1627": {
            "MPSNR": 38.0749345778437,
            "MSSIM": 0.9259410778950004,
            "SAM": 0.23363174498081207,
            "Time": 0.516
        },
        "objects_0924-1622": {
            "MPSNR": 43.78984874847037,