{
    "avg": {
        "MPSNR": 40.03532609919362,
        "MSSIM": 0.9804660979304114,
        "SAM": 0.057986786477267745,
        "Time": 0.5759
    },
    "detail": {
        "gavyam_0823-0933": {
            "MPSNR": 38.19285129091335,
            "MSSIM": 0.9779729574785695,
            "SAM": 0.030201518908143044,
            "Time": 0.582
        },
        "objects_0924-1557": {
            "MPSNR": 39.40822239754547,
            "MSSIM": 0.9876479900386971,
            "SAM": 0.04259796813130379,
            "Time": 0.575
        },
        "lehavim_0910-1600": {
            "MPSNR": 40.66306117774012,
            "MSSIM": 0.9835855385533835,
            "SAM": 0.026255790144205093,
            "Time": 0.576
        },
        "Lehavim_0910-1717": {
            "MPSNR": 40.14885452992122,
            "MSSIM": 0.9773778789923597,
            "SAM": 0.06073540076613426,
            "Time": 0.575
        },
        "gavyam_0823-0944": {
            "MPSNR": 38.343723737393226,
            "MSSIM": 0.9788391390194945,
            "SAM": 0.03602626174688339,
            "Time": 0.575
        },
        "nachal_0823-1222": {
            "MPSNR": 39.66703223048356,
            "MSSIM": 0.9785063014925617,
            "SAM": 0.053812429308891296,
            "Time": 0.577
        },
        "lehavim_0910-1610": {
            "MPSNR": 38.16493002547167,
            "MSSIM": 0.9713002286680219,
            "SAM": 0.059827856719493866,
            "Time": 0.575
        },
        "objects_0924-1623": {
            "MPSNR": 41.108269223141804,
            "MSSIM": 0.9913183257810766,
            "SAM": 0.04632839187979698,
            "Time": 0.576
        },
        "objects_0924-1650": {
            "MPSNR": 38.38091851428868,
            "MSSIM": 0.9800878958211178,
            "SAM": 0.06112222000956535,
            "Time": 0.577
        },
        "nachal_0823-1214": {
            "MPSNR": 37.693301677307126,
            "MSSIM": 0.9711433616937525,
            "SAM": 0.03382909297943115,
            "Time": 0.576
        },
        "Labtest_0910-1504": {
            "MPSNR": 45.04517830203135,
            "MSSIM": 0.9858729772496408,
            "SAM": 0.10837463289499283,
            "Time": 0.574
        },
        "objects_0924-1648": {
            "MPSNR": 39.4170643253464,
            "MSSIM": 0.9868022698983789,
            "SAM": 0.052618615329265594,
            "Time": 0.577
        },
        "rmt_0328-1249-1": {
            "MPSNR": 41.946661611103295,
            "MSSIM": 0.9806869601806384,
            "SAM": 0.09232506901025772,
            "Time": 0.574
        },
        "Labtest_0910-1509": {
            "MPSNR": 40.29624358957874,
            "MSSIM": 0.9715685978504947,
            "SAM": 0.09666862338781357,
            "Time": 0.574
        },
        "objects_0924-1611": {
            "MPSNR": 39.830487852334464,
            "MSSIM": 0.9886509418004202,
            "SAM": 0.040749598294496536,
            "Time": 0.576
        },
        "nachal_0823-1127": {
            "MPSNR": 39.65138462094425,
            "MSSIM": 0.9818337837188281,
            "SAM": 0.037370894104242325,
            "Time": 0.577
        },
        "IDS_COLORCHECK_1020-1215-1": {
            "MPSNR": 43.69672322352085,
            "MSSIM": 0.9907153710970522,
            "SAM": 0.051194168627262115,
            "Time": 0.577
        },
        "Labtest_0910-1513": {
            "MPSNR": 39.095091799300334,
            "MSSIM": 0.9793862394839765,
            "SAM": 0.07477934658527374,
            "Time": 0.574
        },
        "selfie_0822-0906": {
            "MPSNR": 38.05496849070907,
            "MSSIM": 0.9723849113221721,
            "SAM": 0.03450274094939232,
            "Time": 0.576
        },
        "nachal_0823-1118": {
            "MPSNR": 38.12802478428732,
            "MSSIM": 0.9710463958679914,
            "SAM": 0.054359737783670425,
            "Time": 0.574
        },
        "objects_0924-1617": {
            "MPSNR": 39.83049242489521,
            "MSSIM": 0.9889513582360459,
            "SAM": 0.040737736970186234,
            "Time": 0.577
        },
        "ulm_0328-1118": {
            "MPSNR": 39.78942909341936,
            "MSSIM": 0.985195481469497,
            "SAM": 0.0405709408223629,
            "Time": 0.577
        },
        "Lehavim_0910-1716": {
            "MPSNR": 42.83495274329563,
            "MSSIM": 0.9803170268528935,
            "SAM": 0.08445741981267929,
            "Time": 0.577
        },
        "Lehavim_0910-1635": {
            "MPSNR": 33.93071828560342,
            "MSSIM": 0.9454827347820481,
            "SAM": 0.07746858894824982,
            "Time": 0.574
        },
        "objects_0924-1607": {
            "MPSNR": 39.690176131246595,
            "MSSIM": 0.9879409071970827,
            "SAM": 0.043332915753126144,
            "Time": 0.576
        },
        "objects_0924-1625": {
            "MPSNR": 38.68316755534485,
            "MSSIM": 0.9860131680762634,
            "SAM": 0.046001896262168884,
            "Time": 0.576
        },
        "nachal_0823-1144": {
            "MPSNR": 39.532053394344835,
            "MSSIM": 0.9789519621866399,
            "SAM": 0.03925388678908348,
            "Time": 0.575
        },
        "nachal_0823-1121": {
            "MPSNR": 38.128446304196174,
            "MSSIM": 0.9766183145055563,
            "SAM": 0.042398303747177124,
            "Time": 0.576
        },
        "gavyam_0823-0930": {
            "MPSNR": 37.650393176922435,
            "MSSIM": 0.9620033840834132,
            "SAM": 0.08695202320814133,
            "Time": 0.576
        },
        "objects_0924-1628": {
            "MPSNR": 41.323041035396535,
            "MSSIM": 0.9906786585581024,
            "SAM": 0.050151534378528595,
            "Time": 0.575
        },
        "rmt_0328-1241-1": {
            "MPSNR": 36.57106075062878,
            "MSSIM": 0.9707604212103116,
            "SAM": 0.030003026127815247,
            "Time": 0.577
        },
        "objects_0924-1641": {
            "MPSNR": 38.455501796922796,
            "MSSIM": 0.9843892448268733,
            "SAM": 0.057765744626522064,
            "Time": 0.578
        },
        "nachal_0823-1223": {
            "MPSNR": 39.44892788142538,
            "MSSIM": 0.9817174272808099,
            "SAM": 0.037233199924230576,
            "Time": 0.575
        },
        "objects_0924-1614": {
            "MPSNR": 39.91119729502643,
            "MSSIM": 0.9885852606591783,
            "SAM": 0.041895393282175064,
            "Time": 0.578
        },
        "nachal_0823-1047": {
            "MPSNR": 37.181941393391924,
            "MSSIM": 0.9753350376832861,
            "SAM": 0.02975982427597046,
            "Time": 0.575
        },
        "negev_0823-1003": {
            "MPSNR": 38.75801647249927,
            "MSSIM": 0.9749542758985137,
            "SAM": 0.025137094780802727,
            "Time": 0.576
        },
        "Lehavim_0910-1626": {
            "MPSNR": 36.85950395564032,
            "MSSIM": 0.9509050741999913,
            "SAM": 0.04710489511489868,
            "Time": 0.577
        },
        "nachal_0823-1149": {
            "MPSNR": 37.53782615903686,
            "MSSIM": 0.9651368420981195,
            "SAM": 0.0847952738404274,
            "Time": 0.575
        },
        "objects_0924-1602": {
            "MPSNR": 39.3673974409491,
            "MSSIM": 0.987147854494028,
            "SAM": 0.04714756831526756,
            "Time": 0.576
        },
        "nachal_0823-1217": {
            "MPSNR": 38.7361798830216,
            "MSSIM": 0.9754553387002767,
            "SAM": 0.04511452466249466,
            "Time": 0.576
        },
        "CC_40D_2_1103-0917": {
            "MPSNR": 40.443430270931756,
            "MSSIM": 0.9889754530482184,
            "SAM": 0.025634488090872765,
            "Time": 0.572
        },
        "Master2900k": {
            "MPSNR": 51.040761280706484,