{
    "avg": {
        "MPSNR": 42.12491239978239,
        "MSSIM": 0.9869728593475416,
        "SAM": 0.05266491498798132,
        "Time": 0.27044000000000007
    },
    "detail": {
        "gavyam_0823-0933": {
            "MPSNR": 37.8741761875433,
            "MSSIM": 0.9771165751354931,
            "SAM": 0.03274652734398842,
            "Time": 0.279
        },
        "objects_0924-1557": {
            "MPSNR": 41.12652779275714,
            "MSSIM": 0.9910718450614511,
            "SAM": 0.03458448499441147,
            "Time": 0.271
        },
        "lehavim_0910-1600": {
            "MPSNR": 41.33502894663418,
            "MSSIM": 0.9860831181500608,
            "SAM": 0.027780653908848763,
            "Time": 0.27
        },
        "Lehavim_0910-1717": {
            "MPSNR": 43.906807172657665,
            "MSSIM": 0.9907549871950263,
            "SAM": 0.052994608879089355,
            "Time": 0.271
        },
        "gavyam_0823-0944": {
            "MPSNR": 38.111834515137396,
            "MSSIM": 0.9782649637986692,
            "SAM": 0.03932387754321098,
            "Time": 0.269
        },
        "nachal_0823-1222": {
            "MPSNR": 42.569419819171316,
            "MSSIM": 0.9891774184256812,
            "SAM": 0.04460074007511139,
            "Time": 0.272
        },
        "lehavim_0910-1610": {
            "MPSNR": 38.52525827067103,
            "MSSIM": 0.974063127076784,
            "SAM": 0.06279726326465607,
            "Time": 0.271
        },
        "objects_0924-1623": {
            "MPSNR": 41.90313234223888,
            "MSSIM": 0.9925724407143757,
            "SAM": 0.042367320507764816,
            "Time": 0.27
        },
        "objects_0924-1650": {
            "MPSNR": 40.0521664130537,
            "MSSIM": 0.9856120379124594,
            "SAM": 0.05398479476571083,
            "Time": 0.269
        },
        "nachal_0823-1214": {
            "MPSNR": 39.50038350235754,
            "MSSIM": 0.9805483501342934,
            "SAM": 0.032219745218753815,
            "Time": 0.27
        },
        "Labtest_0910-1504": {
            "MPSNR": 44.74382688534495,
            "MSSIM": 0.9863565983544837,
            "SAM": 0.12238344550132751,
            "Time": 0.269
        },
        "objects_0924-1648": {
            "MPSNR": 44.70163537333536,
            "MSSIM": 0.9954346477555863,
            "SAM": 0.033252038061618805,
            "Time": 0.27
        },
        "rmt_0328-1249-1": {
            "MPSNR": 43.08697653060342,
            "MSSIM": 0.9850362776790828,
            "SAM": 0.08947858214378357,
            "Time": 0.269
        },
        "Labtest_0910-1509": {
            "MPSNR": 40.022829969345516,
            "MSSIM": 0.9705363280510025,
            "SAM": 0.10378795117139816,
            "Time": 0.269
        },
        "objects_0924-1611": {
            "MPSNR": 39.994781161336974,
            "MSSIM": 0.9889412270068558,
            "SAM": 0.03849422559142113,
            "Time": 0.269
        },
        "nachal_0823-1127": {
            "MPSNR": 42.67124223753802,
            "MSSIM": 0.9900133795031778,
            "SAM": 0.031914256513118744,
            "Time": 0.271
        },
        "IDS_COLORCHECK_1020-1215-1": {
            "MPSNR": 45.356409856159935,
            "MSSIM": 0.9933718017413062,
            "SAM": 0.04857870936393738,
            "Time": 0.27
        },
        "Labtest_0910-1513": {
            "MPSNR": 41.10784884893451,
            "MSSIM": 0.9872807741064924,
            "SAM": 0.06829144805669785,
            "Time": 0.268
        },
        "selfie_0822-0906": {
            "MPSNR": 40.89996452724413,
            "MSSIM": 0.9852278573747302,
            "SAM": 0.026644233614206314,
            "Time": 0.272
        },
        "nachal_0823-1118": {
            "MPSNR": 44.83552081314569,
            "MSSIM": 0.9939006288367332,
            "SAM": 0.03740748390555382,
            "Time": 0.271
        },
        "objects_0924-1617": {
            "MPSNR": 43.76477069481599,
            "MSSIM": 0.9946734470181483,
            "SAM": 0.028627321124076843,
            "Time": 0.273
        },
        "ulm_0328-1118": {
            "MPSNR": 40.46105062970086,
            "MSSIM": 0.9875385441887192,
            "SAM": 0.040489453822374344,
            "Time": 0.269
        },
        "Lehavim_0910-1716": {
            "MPSNR": 42.724245543246354,
            "MSSIM": 0.9806104481777024,
            "SAM": 0.09603151679039001,
            "Time": 0.271
        },
        "Lehavim_0910-1635": {
            "MPSNR": 38.01399114020347,
            "MSSIM": 0.974858265544051,
            "SAM": 0.06352236866950989,
            "Time": 0.27
        },
        "objects_0924-1607": {
            "MPSNR": 45.89188957041252,
            "MSSIM": 0.996512087823912,
            "SAM": 0.025915147736668587,
            "Time": 0.27
        },
        "objects_0924-1625": {
            "MPSNR": 42.36942452992566,
            "MSSIM": 0.9931962644813318,
            "SAM": 0.032738953828811646,
            "Time": 0.271
        },
        "nachal_0823-1144": {
            "MPSNR": 42.216717119643256,
            "MSSIM": 0.9886282741660709,
            "SAM": 0.03591303899884224,
            "Time": 0.271
        },
        "nachal_0823-1121": {
            "MPSNR": 40.21384327635309,
            "MSSIM": 0.9852038979936932,
            "SAM": 0.038961611688137054,
            "Time": 0.271
        },
        "gavyam_0823-0930": {
            "MPSNR": 42.039832158739465,
            "MSSIM": 0.9857147471791774,
            "SAM": 0.0655709058046341,
            "Time": 0.271
        },
        "objects_0924-1628": {
            "MPSNR": 43.01689978707237,
            "MSSIM": 0.9932248031806336,
            "SAM": 0.042022500187158585,
            "Time": 0.27
        },
        "rmt_0328-1241-1": {
            "MPSNR": 38.37505080993052,
            "MSSIM": 0.9794276295161689,
            "SAM": 0.02591646835207939,
            "Time": 0.269
        },
        "objects_0924-1641": {
            "MPSNR": 41.742282576007504,
            "MSSIM": 0.9917560327982093,
            "SAM": 0.04234816133975983,
            "Time": 0.269
        },
        "nachal_0823-1223": {
            "MPSNR": 46.364746834700696,
            "MSSIM": 0.9960200093979029,
            "SAM": 0.024920577183365822,
            "Time": 0.27
        },
        "objects_0924-1614": {
            "MPSNR": 41.49423357160255,
            "MSSIM": 0.9916557598352662,
            "SAM": 0.034796860069036484,
            "Time": 0.271
        },
        "nachal_0823-1047": {
            "MPSNR": 39.06538881835076,
            "MSSIM": 0.984149019222747,
            "SAM": 0.027980618178844452,
            "Time": 0.271
        },
        "negev_0823-1003": {
            "MPSNR": 40.606420837404066,
            "MSSIM": 0.9837443870071029,
            "SAM": 0.02343330904841423,
            "Time": 0.27
        },
        "Lehavim_0910-1626": {
            "MPSNR": 36.809658104480185,
            "MSSIM": 0.9532318298414487,
            "SAM": 0.058069370687007904,
            "Time": 0.272
        },
        "nachal_0823-1149": {
            "MPSNR": 39.7363725385593,
            "MSSIM": 0.981688422853301,
            "SAM": 0.0824068933725357,
            "Time": 0.271
        },
        "objects_0924-1602": {
            "MPSNR": 43.71804096761324,
            "MSSIM": 0.9945076500608111,
            "SAM": 0.03229668736457825,
            "Time": 0.268
        },
        "nachal_0823-1217": {
            "MPSNR": 40.03382074755968,
            "MSSIM": 0.9826269090143607,
            "SAM": 0.043174147605895996,
            "Time": 0.27
        },
        "CC_40D_2_1103-0917": {
            "MPSNR": 44.9900827073338,
            "MSSIM": 0.9955183071773248,
            "SAM": 0.019085384905338287,
            "Time": 0.27
        },
        "Master2900k": {
            "MPSNR": 49.31080123865777,