{
    "avg": {
        "MPSNR": 18.95377930196082,
        "MSSIM": 0.31488491073181557,
        "SAM": 0.7160689071112988,
        "Time": 0.0
    },
    "detail": {
        "nachal_0823-1147": {
            "MPSNR": 17.821027501927315,
            "MSSIM": 0.2965370939746583,
            "SAM": 0.6239129900932312,
            "Time": 0.0
        },
        "objects_0924-1600": {
            "MPSNR": 20.293151747763236,
            "MSSIM": 0.3816718525525639,
            "SAM": 0.6310123205184937,
            "Time": 0.0
        },
        "objects_0924-1601": {
            "MPSNR": 20.08420410028436,
            "MSSIM": 0.39663374572423693,
            "SAM": 0.6560803651809692,
            "Time": 0.0
        },
        "Labtest_0910-1510": {
            "MPSNR": 19.18439743385041,
            "MSSIM": 0.2547537027775784,
            "SAM": 0.9277073740959167,
            "Time": 0.0
        },
        "Lehavim_0910-1725": {
            "MPSNR": 20.007296039851514,
            "MSSIM": 0.3550717750579403,
            "SAM": 0.8660909533500671,
            "Time": 0.0
        },
        "lehavim_0910-1605": {
            "MPSNR": 18.310429083700136,
            "MSSIM": 0.31002173835654956,
            "SAM": 0.6903610825538635,
            "Time": 0.0
        },
        "objects_0924-1556": {
            "MPSNR": 21.914267565442177,
            "MSSIM": 0.4007511146173922,
            "SAM": 0.8023926019668579,
            "Time": 0.0
        },
        "gavyam_0823-0945": {
            "MPSNR": 19.858923421555073,
            "MSSIM": 0.36532331691239306,
            "SAM": 0.7566550970077515,
            "Time": 0.0
        },
        "objects_0924-1620": {
            "MPSNR": 18.84811980034301,
            "MSSIM": 0.3187603829639332,
            "SAM": 0.6566027402877808,
            "Time": 0.0
        },
        "objects_0924-1619": {
            "MPSNR": 18.181403677141617,
            "MSSIM": 0.27220752375506174,
            "SAM": 0.6939005255699158,
            "Time": 0.0
        },
        "IDS_COLORCHECK_1020-1223": {
            "MPSNR": 16.073958798219525,
            "MSSIM": 0.20343981163131955,
            "SAM": 0.5364634990692139,
            "Time": 0.0
        },
        "Labtest_0910-1502": {
            "MPSNR": 19.89439835888994,
            "MSSIM": 0.35106401470837023,
            "SAM": 0.8889369964599609,
            "Time": 0.0
        },
        "objects_0924-1634": {
            "MPSNR": 18.212662719317706,
            "MSSIM": 0.2958707625695394,
            "SAM": 0.5173481702804565,
            "Time": 0.0
        },
        "lehavim_0910-1607": {
            "MPSNR": 19.367566960640758,
            "MSSIM": 0.30506133712783084,
            "SAM": 0.8629854917526245,
            "Time": 0.0
        },
        "Lehavim_0910-1622": {
            "MPSNR": 19.321980261097625,
            "MSSIM": 0.2991159674237233,
            "SAM": 0.8849008083343506,
            "Time": 0.0
        },
        "tree_0822-0853": {
            "MPSNR": 19.54302566644474,
            "MSSIM": 0.36969465369831545,
            "SAM": 0.5395770072937012,
            "Time": 0.0
        },
        "objects_0924-1605": {
            "MPSNR": 19.503156676770885,
            "MSSIM": 0.35923283316475757,
            "SAM": 0.6613349914550781,
            "Time": 0.0
        },
        "gavyam_0823-0950-1": {
            "MPSNR": 19.085352392342575,
            "MSSIM": 0.3305364428367598,
            "SAM": 0.651758074760437,
            "Time": 0.0
        },
        "objects_0924-1639": {
            "MPSNR": 19.816009697764667,
            "MSSIM": 0.36000434806925546,
            "SAM": 0.6999228596687317,
            "Time": 0.0
        },
        "objects_0924-1558": {
            "MPSNR": 18.662242815812224,
            "MSSIM": 0.3049440433352383,
            "SAM": 0.7441881895065308,
            "Time": 0.0
        },
        "objects_0924-1612": {
            "MPSNR": 18.18434271554597,
            "MSSIM": 0.28439933719353416,
            "SAM": 0.7152599096298218,
            "Time": 0.0
        },
        "objects_0924-1624": {
            "MPSNR": 17.482815139563808,
            "MSSIM": 0.2714711025436853,
            "SAM": 0.6654888987541199,
            "Time": 0.0
        },
        "Lehavim_0910-1633": {
            "MPSNR": 20.085820413036036,
            "MSSIM": 0.28029542279560715,
            "SAM": 0.9350089430809021,
            "Time": 0.0
        },
        "bulb_0822-0903": {
            "MPSNR": 19.41498923425579,
            "MSSIM": 0.3305044006821566,
            "SAM": 0.7944942712783813,
            "Time": 0.0
        },
        "Lehavim_0910-1718": {
            "MPSNR": 21.27877732330834,
            "MSSIM": 0.3452112987354157,
            "SAM": 0.9422793388366699,
            "Time": 0.0
        },
        "objects_0924-1633": {
            "MPSNR": 17.609895592345353,
            "MSSIM": 0.23831592314978547,
            "SAM": 0.7105430960655212,
            "Time": 0.0
        },
        "nachal_0823-1210-4": {
            "MPSNR": 18.296502122908556,
            "MSSIM": 0.3129045843199587,
            "SAM": 0.6728387475013733,
            "Time": 0.0
        },
        "nachal_0823-1145": {
            "MPSNR": 17.191544035992592,
            "MSSIM": 0.30406090467174196,
            "SAM": 0.3051069974899292,
            "Time": 0.0
        },
        "nachal_0823-1220": {
            "MPSNR": 18.275230935342826,
            "MSSIM": 0.2876026008655264,
            "SAM": 0.7768397331237793,
            "Time": 0.0
        },
        "nachal_0823-1152": {
            "MPSNR": 17.286361070218646,
            "MSSIM": 0.2617066196848254,
            "SAM": 0.700710654258728,
            "Time": 0.0
        },
        "objects_0924-1610": {
            "MPSNR": 19.080100319116465,
            "MSSIM": 0.30380220457683177,
            "SAM": 0.7842630743980408,
            "Time": 0.0
        },
        "nachal_0823-1213": {
            "MPSNR": 19.889967220838447,
            "MSSIM": 0.3503661921119758,
            "SAM": 0.6939547061920166,
            "Time": 0.0
        },
        "objects_0924-1631": {
            "MPSNR": 18.179943578867206,
            "MSSIM": 0.3020412704921025,
            "SAM": 0.6584165692329407,
            "Time": 0.0
        },
        "negev_0823-1005": {
            "MPSNR": 18.56710598072691,
            "MSSIM": 0.34879166620480845,
            "SAM": 0.46851402521133423,
            "Time": 0.0
        },
        "Lehavim_0910-1640": {
            "MPSNR": 19.839052826982904,
            "MSSIM": 0.37731284552991373,
            "SAM": 0.7651532292366028,
            "Time": 0.0
        },
        "Labtest_0910-1506": {
            "MPSNR": 20.299076308662794,
            "MSSIM": 0.380302312251957,
            "SAM": 0.9034789204597473,
            "Time": 0.0
        },
        "objects_0924-1652": {
            "MPSNR": 19.402901251237015,
            "MSSIM": 0.3171234096304407,
            "SAM": 0.6685222387313843,
            "Time": 0.0
        },
        "Lehavim_0910-1629": {
            "MPSNR": 18.911235073305335,
            "MSSIM": 0.26099141351294153,
            "SAM": 0.9122376441955566,
            "Time": 0.0
        },
        "Lehavim_0910-1708": {
            "MPSNR": 18.36912066397449,
            "MSSIM": 0.2964834598322678,
            "SAM": 0.722748339176178,
            "Time": 0.0
        },
        "objects_0924-1629": {
            "MPSNR": 18.186543369648952,
            "MSSIM": 0.2912684052751373,
            "SAM": 0.7208638191223145,
            "Time": 0.0
        },
        "Lehavim_0910-1627": {
            "MPSNR": 19.634046143569005,
            "MSSIM": 0.3167114735601044,
            "SAM": 0.8452472686767578,
            "Time": 0.0
        },
        "objects_0924-1622": {
            "MPSNR": 18.20730105485438,
            "MSSIM": 0.2861024010448935,
            "SAM": 0.7171837091445923,