{
    "avg": {
        "MPSNR": 13.442100228315702,
        "MSSIM": 0.08618351233317043,
        "SAM": 0.807615270614624,
        "Time": 0.0
    },
    "detail": {
        "gavyam_0823-0933": {
            "MPSNR": 13.072110272544164,
            "MSSIM": 0.10367644839948574,
            "SAM": 0.7332701683044434,
            "Time": 0.0
        },
        "objects_0924-1557": {
            "MPSNR": 13.28056943192033,
            "MSSIM": 0.09307111697159805,
            "SAM": 0.7630665898323059,
            "Time": 0.0
        },
        "lehavim_0910-1600": {
            "MPSNR": 13.113858582084744,
            "MSSIM": 0.08325595451287233,
            "SAM": 0.7463405728340149,
            "Time": 0.0
        },
        "Lehavim_0910-1717": {
            "MPSNR": 13.886524237442169,
            "MSSIM": 0.093788341996991,
            "SAM": 0.9064598083496094,
            "Time": 0.0
        },
        "gavyam_0823-0944": {
            "MPSNR": 13.066328991645884,
            "MSSIM": 0.1008040027148696,
            "SAM": 0.728773832321167,
            "Time": 0.0
        },
        "nachal_0823-1222": {
            "MPSNR": 13.593731056342278,
            "MSSIM": 0.08749274647172044,
            "SAM": 0.8177359700202942,
            "Time": 0.0
        },
        "lehavim_0910-1610": {
            "MPSNR": 13.52149202514945,
            "MSSIM": 0.09243634148314281,
            "SAM": 0.8377463221549988,
            "Time": 0.0
        },
        "objects_0924-1623": {
            "MPSNR": 13.579196914220116,
            "MSSIM": 0.09650843981573426,
            "SAM": 0.8228931427001953,
            "Time": 0.0
        },
        "objects_0924-1650": {
            "MPSNR": 13.478651241995491,
            "MSSIM": 0.10405825875346647,
            "SAM": 0.8109923005104065,
            "Time": 0.0
        },
        "nachal_0823-1214": {
            "MPSNR": 13.015538048001842,
            "MSSIM": 0.09268839681939002,
            "SAM": 0.7285746932029724,
            "Time": 0.0
        },
        "Labtest_0910-1504": {
            "MPSNR": 14.125854157528346,
            "MSSIM": 0.04584222452289167,
            "SAM": 0.9553259015083313,
            "Time": 0.0
        },
        "objects_0924-1648": {
            "MPSNR": 13.454570423352811,
            "MSSIM": 0.09351252454405977,
            "SAM": 0.7960658669471741,
            "Time": 0.0
        },
        "rmt_0328-1249-1": {
            "MPSNR": 14.040705847566906,
            "MSSIM": 0.06671666372503772,
            "SAM": 0.9326908588409424,
            "Time": 0.0
        },
        "Labtest_0910-1509": {
            "MPSNR": 14.064465043276229,
            "MSSIM": 0.07238023900951138,
            "SAM": 0.9407121539115906,
            "Time": 0.0
        },
        "objects_0924-1611": {
            "MPSNR": 13.307341765707612,
            "MSSIM": 0.09138650520743347,
            "SAM": 0.7694928646087646,
            "Time": 0.0
        },
        "nachal_0823-1127": {
            "MPSNR": 13.1479280726846,
            "MSSIM": 0.08626394380437405,
            "SAM": 0.7535971999168396,
            "Time": 0.0
        },
        "IDS_COLORCHECK_1020-1215-1": {
            "MPSNR": 13.920605385253104,
            "MSSIM": 0.07602009696585024,
            "SAM": 0.9034332633018494,
            "Time": 0.0
        },
        "Labtest_0910-1513": {
            "MPSNR": 13.77315973241321,
            "MSSIM": 0.11465407717476202,
            "SAM": 0.8853967785835266,
            "Time": 0.0
        },
        "selfie_0822-0906": {
            "MPSNR": 12.606145921160849,
            "MSSIM": 0.07652428992982739,
            "SAM": 0.6028308272361755,
            "Time": 0.0
        },
        "nachal_0823-1118": {
            "MPSNR": 13.468193745435276,
            "MSSIM": 0.09706432524348904,
            "SAM": 0.8125119209289551,
            "Time": 0.0
        },
        "objects_0924-1617": {
            "MPSNR": 13.313396295951195,
            "MSSIM": 0.09305999329259823,
            "SAM": 0.7707645297050476,
            "Time": 0.0
        },
        "ulm_0328-1118": {
            "MPSNR": 13.382950356649811,
            "MSSIM": 0.09652215888674798,
            "SAM": 0.7763595581054688,
            "Time": 0.0
        },
        "Lehavim_0910-1716": {
            "MPSNR": 14.093421366628588,
            "MSSIM": 0.05918126753902207,
            "SAM": 0.9578650593757629,
            "Time": 0.0
        },
        "Lehavim_0910-1635": {
            "MPSNR": 13.056118841698689,
            "MSSIM": 0.1103620072215296,
            "SAM": 0.7321381568908691,
            "Time": 0.0
        },
        "objects_0924-1607": {
            "MPSNR": 13.350085724379532,
            "MSSIM": 0.09282510450066092,
            "SAM": 0.7773667573928833,
            "Time": 0.0
        },
        "objects_0924-1625": {
            "MPSNR": 13.303614654435206,
            "MSSIM": 0.09685856552698975,
            "SAM": 0.7651616334915161,
            "Time": 0.0
        },
        "nachal_0823-1144": {
            "MPSNR": 13.05543145062476,
            "MSSIM": 0.0813046387663959,
            "SAM": 0.7574462890625,
            "Time": 0.0
        },
        "nachal_0823-1121": {
            "MPSNR": 13.20344951494133,
            "MSSIM": 0.10298208618098702,
            "SAM": 0.768670380115509,
            "Time": 0.0
        },
        "gavyam_0823-0930": {
            "MPSNR": 13.781934402814525,
            "MSSIM": 0.08217865775198788,
            "SAM": 0.8951678276062012,
            "Time": 0.0
        },
        "objects_0924-1628": {
            "MPSNR": 13.633309252198787,
            "MSSIM": 0.0839807275230762,
            "SAM": 0.8398585319519043,
            "Time": 0.0
        },
        "rmt_0328-1241-1": {
            "MPSNR": 12.3646764229997,
            "MSSIM": 0.08851026907659755,
            "SAM": 0.5557599067687988,
            "Time": 0.0
        },
        "objects_0924-1641": {
            "MPSNR": 13.428459500870385,
            "MSSIM": 0.09517187094924269,
            "SAM": 0.7923831939697266,
            "Time": 0.0
        },
        "nachal_0823-1223": {
            "MPSNR": 13.167331744568383,
            "MSSIM": 0.09637175127658901,
            "SAM": 0.76047283411026,
            "Time": 0.0
        },
        "objects_0924-1614": {
            "MPSNR": 13.319998644539282,
            "MSSIM": 0.0914938513468745,
            "SAM": 0.7718982100486755,
            "Time": 0.0
        },
        "nachal_0823-1047": {
            "MPSNR": 12.803016172902762,
            "MSSIM": 0.11631451591171162,
            "SAM": 0.6772887706756592,
            "Time": 0.0
        },
        "negev_0823-1003": {
            "MPSNR": 12.945523991538527,
            "MSSIM": 0.08499610345660522,
            "SAM": 0.7048945426940918,
            "Time": 0.0
        },
        "Lehavim_0910-1626": {
            "MPSNR": 13.467065075678176,
            "MSSIM": 0.08033603051310374,
            "SAM": 0.8210882544517517,
            "Time": 0.0
        },
        "nachal_0823-1149": {
            "MPSNR": 13.74786381664949,
            "MSSIM": 0.097994039187037,
            "SAM": 0.8887436985969543,
            "Time": 0.0
        },
        "objects_0924-1602": {
            "MPSNR": 13.387889242381771,
            "MSSIM": 0.09279531040159802,
            "SAM": 0.784919798374176,
            "Time": 0.0
        },
        "nachal_0823-1217": {
            "MPSNR": 13.368166696423955,
            "MSSIM": 0.09433264623648022,
            "SAM": 0.7535701990127563,
            "Time": 0.0
        },
        "CC_40D_2_1103-0917": {
            "MPSNR": 12.76457192253139,
            "MSSIM": 0.09636778470517021,
            "SAM": 0.6550215482711792,
            "Time": 0.0
        },
        "Master2900k": {
            "MPSNR": 14.154132233143901,
            "MSSIM": 0.03343074432248837,
            "SAM": 1.009089708328247,